{
    "question": "Where is the white TV stand with the television on it?",
    "answer": "The white TV stand with the television on it is against the wall, next to the blue sofa and on the wooden floor, partially on the edge of a carpet.",
    "scene": "00108-oStKKWkQ1id",
    "init_pts": [
        12.327424049377441,
        0.039113134145736694,
        -1.3676859140396118
    ],
    "init_angle": 1.1859149906716668,
    "target_obj_id": 13,
    "target_obj_class": "tv stand",
    "episode_length": 16
}