{
    "question": "Where is the dinner table with the beige chairs?",
    "answer": "The dinner table with the beige chairs is in the dining area, next to a large potted plant and under a modern chandelier, adjacent to the kitchen.",
    "scene": "00177-VSxVP19Cdyw",
    "init_pts": [
        7.474200248718262,
        0.028199851512908936,
        2.3804259300231934
    ],
    "init_angle": 0.6721304918445106,
    "target_obj_id": 194,
    "target_obj_class": "dinner table",
    "episode_length": 12
}