{
    "question": "Where are the two stainless steel trashcans in the kitchen?",
    "answer": "The two stainless steel trashcans are located in the kitchen, against the tiled wall, near the blue cabinets and the countertop with the coffee maker.",
    "scene": "00261-fK2vEV32Lag",
    "init_pts": [
        0.31992971897125244,
        0.1752498745918274,
        -0.009965412318706512
    ],
    "init_angle": 1.4856743958210161,
    "target_obj_id": 249,
    "target_obj_class": "trashcan",
    "episode_length": 12
}