{
    "question": "Where is the wooden computer desk with the black chair?",
    "answer": "The wooden computer desk with the black chair is in the room with the large window, positioned against the wall under the window. There is a black metal shelf to the left of the desk.",
    "scene": "00150-LcAd9dhvVwh",
    "init_pts": [
        7.383106231689453,
        0.17214226722717285,
        12.313556671142578
    ],
    "init_angle": 0.23310107256170742,
    "target_obj_id": 381,
    "target_obj_class": "computer desk",
    "episode_length": 17
}