{
    "question": "Where is the pink couch in the living room?",
    "answer": "The pink couch is in the living room, positioned near the window and adjacent to another matching couch. It is facing a wooden coffee table and is situated on a large, light-colored rug.",
    "scene": "00304-X6Pct1msZv5",
    "init_pts": [
        6.808454513549805,
        0.14680051803588867,
        0.8200786709785461
    ],
    "init_angle": 0.23260385724859256,
    "target_obj_id": 49,
    "target_obj_class": "couch",
    "episode_length": 3
}