{
    "question": "Where is the dining table with the white table runners?",
    "answer": "The dining table with the white table runners is located in the dining area, next to the kitchen and near the entrance to the bedroom. It is set with plates and napkins, and there is a decorative wall piece above it.",
    "scene": "00166-RaYrxWt5pR1",
    "init_pts": [
        -6.515240669250488,
        0.058402180671691895,
        8.297581672668457
    ],
    "init_angle": -1.328476457582617,
    "target_obj_id": 89,
    "target_obj_class": "table",
    "episode_length": 8
}