{
    "question": "Where is the wooden desk with the computer on it?",
    "answer": "The wooden desk with the computer on it is in the room with large windows, positioned against the wall between the exercise bike and the white office chair.",
    "scene": "00035-3XYAD64HpDr",
    "init_pts": [
        5.937082290649414,
        0.03841900825500488,
        -3.2076704502105713
    ],
    "init_angle": 3.0605100005998365,
    "target_obj_id": 205,
    "target_obj_class": "desk",
    "episode_length": 2
}