{
    "question": "Where is the blackboard with the Starbucks logo?",
    "answer": "The blackboard with the Starbucks logo is leaning against the wall under the white folding table, near the kitchen area with the water dispenser and the refrigerator.",
    "scene": "00105-xWvSkKiWQpC",
    "init_pts": [
        0.6532068848609924,
        0.016809388995170593,
        -0.3414754271507263
    ],
    "init_angle": 1.6815680789310345,
    "target_obj_id": 234,
    "target_obj_class": "blackboard",
    "episode_length": 12
}