{
    "question": "Where is the desk with dual monitors?",
    "answer": "The desk with dual monitors is in the room with wooden flooring, positioned against the wall near a window with white curtains. It is adjacent to a black filing cabinet and a swivel chair.",
    "scene": "00299-bdp1XNEdvmW",
    "init_pts": [
        1.6994457244873047,
        0.19179342687129974,
        3.024308204650879
    ],
    "init_angle": -0.5515262239382975,
    "target_obj_id": 36,
    "target_obj_class": "desk",
    "episode_length": 12
}