{
    "question": "Where is the small desk with the computer?",
    "answer": "The small desk with the computer is in the bedroom, positioned against the wall under the window with curtains, next to the bunk bed and near the black shelving unit.",
    "scene": "00299-bdp1XNEdvmW",
    "init_pts": [
        -0.20863308012485504,
        -0.008206576108932495,
        -0.5732840299606323
    ],
    "init_angle": -2.1482738817233407,
    "target_obj_id": 273,
    "target_obj_class": "desk",
    "episode_length": 5
}