scene_floor,init_x,init_y,init_z,init_angle
00001-UVdNNRcVyV1_0,-0.30367583,0.12231609,-0.106891215,0.9581783304603155
00001-UVdNNRcVyV1_1,-3.2650898,4.1223164,2.0571687,3.3630893278543086
00002-FxCkHAfgh7A_0,9.121065,0.10579625,8.141796,0.039404888450839566
00003-NtVbfPCkBFy_0,11.10367,0.12933767,-1.8202419,4.53567847378412
00004-VqCaAuuoeWk_0,10.067051,-0.26091176,-2.140236,2.7807814489677876
00004-VqCaAuuoeWk_1,1.551065,0.13908827,-3.0018978,0.0953831335597118
00005-yPKGKBCyYx8_0,-1.8713741,0.007946923,-2.4184825,5.606822181391398
00005-yPKGKBCyYx8_1,-1.8713741,0.007946923,-2.4184825,5.248023221063802
00006-HkseAnWCgqk_0,-4.550916,-0.007398039,3.301533,1.3812736445114546
00006-HkseAnWCgqk_1,-3.518601,2.992602,1.9987932,5.378324919907405
00006-HkseAnWCgqk_2,-3.518601,2.992602,1.9987932,5.409757047085424
00007-UQuchpekHRJ_0,-5.7879925,-1.3413973,0.9606997,4.766478659860447
00007-UQuchpekHRJ_1,-3.3610237,1.5289836,0.72595906,3.7742556109471757
00008-VYnUX657cVo_0,-3.2491088,0.15337181,0.7496657,5.26881803902192
00009-vLpv2VX547B_0,-9.868701,0.1100986,0.67001307,0.8642196496656906
00010-DBjEcHFg4oq_0,-3.0520132,0.101925015,9.782017,0.4670286013394644
00011-1W61QJVDBqe_0,-15.08484,-2.712007,4.0343976,5.565709847806314
00011-1W61QJVDBqe_1,-0.88669735,0.08799291,-0.12959987,1.2678044680883502
00011-1W61QJVDBqe_2,-19.20982,3.4879928,-0.15509616,1.6350079403595998
00012-kDgLKdMd5X8_0,-6.583826,-2.666888,-0.4679069,3.423216494193803
00012-kDgLKdMd5X8_1,-4.9120803,0.13311195,1.0683318,0.22084270360929587
00013-sfbj7jspYWj_0,-9.178961,0.13628712,0.6663609,6.239237278533764
00013-sfbj7jspYWj_1,-9.178961,0.13628712,0.6663609,4.646627171221654
00015-LPwS1aEGXBb_0,-1.624858,0.12857509,0.6066272,1.0552155166542472
00015-LPwS1aEGXBb_1,-9.538084,3.128575,-3.030962,5.838333972251025
00016-qk9eeNeR4vw_0,-3.1279879,0.08975834,-1.5402794,3.7790036781415344
00017-oEPjPNSPmzL_0,3.2697532,0.014520451,1.1706665,1.911960347214812
00018-as8Y8AYx6yW_0,10.008074,-2.665283,-3.607695,4.878801063316133
00018-as8Y8AYx6yW_1,14.732698,-0.06528306,-5.1165094,1.1505835316133477
00018-as8Y8AYx6yW_2,6.467158,2.734717,-0.8752215,3.3477368224421804
00019-AfKhsVmG8L4_0,-4.4756846,0.12592593,-1.3850782,3.8119546821300805
00019-AfKhsVmG8L4_1,-0.050684422,2.925926,-0.23642004,5.495477780545655
00020-XYyR54sxe6b_0,-4.616468,0.11707705,-0.7374022,4.2393278228649915
00021-yQESfVcg18k_0,-0.60511345,-3.30196,-0.07988791,3.8978444707660223
00021-yQESfVcg18k_1,6.214303,0.098040104,0.77472186,1.742556949232617
00022-gmuS7Wgsbrx_0,6.4821105,0.071398646,-0.9260713,5.056584911936681
00022-gmuS7Wgsbrx_1,6.6359444,4.2713985,-10.431018,1.9472181630718381
00023-zepmXAdrpjR_0,0.6229885,-0.27249485,7.937983,0.7009217313018649
00023-zepmXAdrpjR_1,0.22858658,0.12750515,5.6911354,5.5834151528768325
00024-XNoaAZwsWKk_0,4.2425365,-2.6327398,3.5407612,0.26651763762449676
00024-XNoaAZwsWKk_1,-3.4456937,0.16726017,1.350569,2.3070155607389493
00025-ixTj1aTMup2_0,1.3078127,-2.792084,-3.4658864,2.1947803782411235
00025-ixTj1aTMup2_1,-3.7423625,0.007915974,-3.1781282,4.7570002108145095
00025-ixTj1aTMup2_2,3.3696127,3.2079163,-4.0448837,2.1748110938224423
00026-tzaZQQmUVXZ_0,4.0005302,0.030465677,0.4519479,5.567351040177399
00027-cVppJowrUqs_0,-2.7781518,0.07349701,-2.6440365,4.732794863956685
00028-xGnehmjiCSA_0,18.711082,-0.015441984,-1.0866683,1.5267464622688283
00029-4wCTuaUNWEd_0,9.91088,-1.6599838,-2.5245793,2.0969631492790173
00029-4wCTuaUNWEd_1,8.363532,1.1400163,-1.9877992,1.5995143121172783
00031-Wo6kuutE9i7_0,3.5001974,0.17635944,-0.6069808,2.9803653958146334
00032-jTTGECZYKRA_0,1.080466,-1.429979,0.6032069,4.400109307699702
00032-jTTGECZYKRA_1,8.831876,1.770021,3.3129227,1.844698147130195
00033-oPj9qMxrDEa_0,1.8951778,0.13368353,5.9502616,0.12060418574797543
00034-6imZUJGRUq4_0,0.86341584,-2.4899135,2.0673714,4.853926493236431
00034-6imZUJGRUq4_1,-2.6508427,-1.4899136,-2.5614052,1.465077045013324
00034-6imZUJGRUq4_2,-0.5227922,0.11008644,2.8931022,4.331214336458781
00035-3XYAD64HpDr_0,1.8262997,-2.961581,0.031504184,0.8585103763456448
00036-41FNXLAZZgC_0,9.4111185,0.11140156,-3.2735093,2.2623354516449576
00037-oKFJo8jpzRW_0,1.6892264,0.0024396926,8.309379,0.6661834133945325
00037-oKFJo8jpzRW_1,0.18485162,2.9367642,8.4293785,5.843496983274411
00038-aJg466zMSNt_0,8.656054,-0.6202939,0.14224789,2.4265969529159026
00039-ANmWrL7Kz7h_0,2.3142595,-2.513236,-3.51969,2.3108551090748746
00039-ANmWrL7Kz7h_1,-0.27306265,0.08676386,0.39017826,4.758120408967583
00039-ANmWrL7Kz7h_2,0.30516008,2.686764,1.980568,5.592198975607867
00040-ZB8o8rMmPdB_0,5.2616115,-2.8670826,5.1996965,2.9610099783070343
00040-ZB8o8rMmPdB_1,0.022105187,0.1329174,6.9974155,5.837253219333483
00040-ZB8o8rMmPdB_2,7.432087,3.1329176,7.0920515,4.994922524033799
00041-QKfBMSSy7Hy_0,4.9972396,-2.9578657,3.074495,2.547319317193541
00041-QKfBMSSy7Hy_1,2.0299776,0.042134285,2.8471444,5.118645380741389
00041-QKfBMSSy7Hy_2,7.0003934,3.2421343,2.352017,2.852601493680635
00044-kuxpR2xHUBa_0,3.9416337,0.086312994,-4.1733704,3.0432029746889433
00046-UQ5EhY5wve1_0,-6.9348917,-3.021883,0.019420266,6.246949708776253
00046-UQ5EhY5wve1_1,-7.47127,0.17811704,0.13759792,1.1825815795436403
00047-u9LiqMn6kA6_0,-8.578195,0.13793099,-2.156745,3.797736020967044
00048-aKwZ7VJDAjr_0,-0.070133075,0.15329,7.931509,5.783439328510121
00049-e3YKRHQRPNe_0,12.205704,0.06792179,3.0939019,3.100449412314371
00050-wrq3kiEU4VR_0,0.36174607,0.063275725,0.24176314,5.542714642011476
00050-wrq3kiEU4VR_1,14.631866,3.4632757,-2.3517532,2.2863478649338904
00051-CETmJJqkhcK_0,0.69737995,0.018329531,-0.91463834,4.533811718183745
00052-H1D2FZ8TAv1_0,4.0019217,-3.0985017,-1.8945874,2.5567590750015334
00052-H1D2FZ8TAv1_2,2.8140032,3.3014982,1.2714429,3.8610096114873986
00053-kAMF2R7PCqX_0,0.7675932,-2.859088,0.66968936,6.007974477510971
00053-kAMF2R7PCqX_1,3.2894866,0.14091206,-0.5435023,2.303123612929892
00054-6BReaxZUoMg_0,-3.2392588,0.1730856,-4.3510113,3.668694726609715
00054-6BReaxZUoMg_1,-3.2392588,0.1730856,-4.3510113,3.77746859803466
00055-HxmXPBbFCkH_0,-2.6372476,-2.7635574,3.0710292,5.235884466981628
00055-HxmXPBbFCkH_1,-4.9701004,0.03644252,1.0849378,2.387963624259822
00056-kdw2Uapns3b_0,3.3296504,-2.5172894,5.0035934,1.8176342851976564
00056-kdw2Uapns3b_1,2.5357866,0.082710505,3.909792,0.6300551811528833
00056-kdw2Uapns3b_2,-0.18564336,2.8827107,4.425264,6.023110866655405
00057-1UnKg1rAb8A_0,1.0878059,-2.7990632,1.4377263,0.23725954552700895
00057-1UnKg1rAb8A_1,4.7988877,0.05359117,-0.7339888,0.3712161138781338
00058-1hovphK64XQ_0,6.683325,0.12848704,0.73062634,4.020855629041156
00059-kJxT5qssH4H_0,0.48728824,0.060756847,-3.6063216,0.4980251220318227
00059-kJxT5qssH4H_1,0.5652809,3.260757,0.18654975,5.5274005911270345
00060-TgWKHxhJAng_0,-0.3540901,-2.6206741,-0.022239417,1.127724019521024
00060-TgWKHxhJAng_1,-3.170288,0.17932582,-4.1930394,3.5031797312584656
00060-TgWKHxhJAng_2,-2.901288,3.1793258,-2.7673979,2.5047829940756485
00061-duthTPisf28_0,-13.216545,0.11785281,-0.5618551,0.8594544924127963
00062-ACZZiU6BXLz_0,5.2727423,0.08928397,2.7591858,0.7780219848775566
00062-ACZZiU6BXLz_1,11.218323,2.889284,0.31647313,1.7962015516113496
00064-gQgtJ9Stk5s_0,-10.897569,-0.01658678,2.2411613,6.17062777594825
00064-gQgtJ9Stk5s_1,-10.116022,3.1834133,5.4967775,0.6145228903953358
00065-kZhZfAhdnNN_0,-0.042213768,0.16139174,4.408376,1.576366674440285
00066-nHHVbEyHX3t_0,-0.38053846,0.08287701,-0.3162216,4.163095464317047
00068-812QqCky3T7_0,29.01956,0.06778088,-5.574389,1.188927425926346
00069-Y8Y6ukxGMvn_0,-4.3413515,0.1088891,5.54401,0.7471861215118287
00070-w7QyjJ3H9Bp_0,0.023010537,-1.5522546,-1.4606674,4.545297842533204
00070-w7QyjJ3H9Bp_1,1.7611091,1.4477454,0.00902465,5.726939697210464
00072-t8wCA6Qe8uT_0,0.100303024,-1.1170225,-5.38566,1.8938242063307797
00072-t8wCA6Qe8uT_1,5.9693465,0.050603032,-7.00665,4.349923888195011
00074-kHvNo8x6Qoe_1,-1.7556031,-0.06659675,0.9169016,5.456062013723677
00074-kHvNo8x6Qoe_2,4.102124,0.1334033,0.14455631,1.793342890580071
00075-u3zrj4Nojev_0,10.996867,0.1428186,5.96275,5.2201804323591565
00076-fJ1GEE6PdHD_0,4.7865105,0.042586043,0.08314912,3.429382544642788
00076-fJ1GEE6PdHD_1,2.5080526,3.042586,-0.31680897,2.0705323158473288
00077-z9VLaZqCsW5_0,1.1806498,0.15028325,-0.88628685,2.6222251679435717
00078-nJTPfwbAj4S_0,3.4668963,-2.4288526,2.4611382,0.4926403898601143
00078-nJTPfwbAj4S_1,2.9008331,0.17114735,0.25158453,2.673815640193912
00079-2ihrkjrbHVf_0,-5.4779367,0.11857702,1.9682492,6.1031754980603194
00081-5biL7VEkByM_0,0.1121587,0.07283497,-0.05164817,1.6190283474253173
00081-5biL7VEkByM_1,-2.4902854,3.072835,-0.8790608,3.6857474089937283
00083-16tymPtM7uS_0,-0.48989993,0.08349535,5.560109,0.4856554978367266
00083-16tymPtM7uS_1,1.1365972,3.3604531,-8.385654,4.530290920399216
00084-CtZLhCbWFm7_0,-3.8887215,0.017872006,-1.3172112,0.17684332137861608
00085-KWoYKrff5L4_0,2.6635172,0.15779102,3.0394585,4.926216227811288
00085-KWoYKrff5L4_1,7.7451844,2.9577909,0.8372277,3.7785819376632706
00086-315QujoX279_0,-11.173111,0.17486802,4.1856155,4.215772747566216
00087-YY8rqV6L6rf_0,2.9412389,0.021085855,2.76328,0.35370091725257763
00088-z9w4aD7JsiQ_0,0.9225388,0.14019242,-4.222082,3.3495290006842517
00090-C8VQQtzUoqV_0,8.873249,0.08457519,-2.8078837,2.9092199739445133
00091-SA759ShSs44_0,-6.2103186,0.09860082,2.9516616,4.826533028660146
00093-HneuS3CYDFG_0,4.869467,0.12282902,-0.6886573,6.04222097092741
00093-HneuS3CYDFG_1,4.869467,0.12282902,-0.6886573,4.187605228342393
00094-WT4QWwXrMzs_0,3.8490016,-2.6388266,-0.99802023,5.38076163986894
00094-WT4QWwXrMzs_1,4.2981277,0.16117334,-2.0748324,1.0817934671458875
00094-WT4QWwXrMzs_2,3.0969284,2.7611732,-4.707063,5.232399318227116
00095-HsYeeztxPG6_0,6.2913833,-3.0550442,-0.050130054,2.2856450606558827
00096-6HRFAUDqpTb_0,-2.827869,-2.6071408,-4.699917,3.7573574701189356
00096-6HRFAUDqpTb_1,3.0899994,-1.2071408,-1.2509762,4.259537082680494
00096-6HRFAUDqpTb_2,-0.66122746,0.19285917,-1.5011427,1.5011518327734967
00097-rPwrKEnR3fk_0,5.7717686,0.12233701,0.9133204,2.2939243946703454
00098-MVStfLiYYQv_0,-2.8938541,-3.0760548,-0.36631608,1.670080032171164
00098-MVStfLiYYQv_1,-6.305976,0.123945236,-0.11226931,5.015273578021694
00099-226REUyJh2K_0,3.8192456,0.17153186,1.4733899,5.407236649351922
00099-226REUyJh2K_1,3.8192456,0.17153186,1.4733899,5.039629320317852
00100-y3K5dmhuukt_0,-5.2176223,-2.625493,1.288981,1.1453191863675487
00100-y3K5dmhuukt_1,-6.210958,0.07933998,0.09533045,3.0964469377318062
00101-n8AnEznQQpv_0,2.3383021,-2.2792094,2.2860231,1.145284429466017
00101-n8AnEznQQpv_1,0.41968882,0.12079072,-0.9314802,6.091128581626778
00102-r77mpaAYUEc_0,4.218948,-0.05710733,9.728837,3.408621072352048
00102-r77mpaAYUEc_1,4.218948,-0.05710733,9.728837,4.082086197259917
00103-gUqgeUmUagL_0,-14.274698,-0.0712467,-4.961689,4.824145287556505
00104-KJxdMPgweZG_0,0.8413723,-2.550389,0.22000054,3.3472814167092344
00104-KJxdMPgweZG_1,0.17567736,0.049610853,7.082762,0.160640669500469
00106-ZVScmfktNQ1_0,3.4513547,0.14157224,6.3960857,0.5683584320335867
00107-Y6WjWkVEUks_0,-5.1723714,0.1018118,-12.944052,3.6875936788975014
00108-oStKKWkQ1id_0,0.83285576,0.039113134,4.6244,2.160763489949292
00109-GTV2Y73Sn5t_0,-8.599499,-2.7005503,0.7948857,4.9126709658015395
00109-GTV2Y73Sn5t_1,-0.5357323,0.099449635,-0.34867048,2.059572395012442
00110-ikChNYDHtRf_1,1.4959127,0.1477111,-3.681625,5.097025656646149
00113-3goH1WRaCYC_0,5.532531,0.14910427,0.79857594,5.0845565923462015
00116-xp4FyfQ6Wr5_0,-2.8144665,0.10891616,3.1232948,6.211993025989734
00118-F5j7ZLfMm1n_0,-8.5309,0.006926298,0.7461174,4.374338836263842
00120-eAUmfFLZDR3_0,-5.4771094,-2.6691556,-2.29018,4.9382201524875855
00120-eAUmfFLZDR3_1,-2.8211246,0.13084435,-3.1082187,5.1328129536568285
00120-eAUmfFLZDR3_2,-4.893919,3.5308444,-1.4410467,6.053590338079205
00123-C3ifY177Ldq_0,5.9600344,-3.2583392,0.016226053,5.601220627233219
00123-C3ifY177Ldq_1,5.590206,0.34166074,1.2924615,2.500155395477903
00124-GZRLndzSrdn_0,1.4293891,-0.8283707,-10.570462,2.4662106163825905
00124-GZRLndzSrdn_1,-0.15609205,0.17162931,-4.858887,1.2220968363225624
00125-6acdNdTjNbr_0,-3.4914308,0.21923552,-0.8493635,3.074914880128214
00126-dioA6agn1cP_0,-0.18817355,-0.050915286,-0.04453515,2.0081412650781822
00126-dioA6agn1cP_1,-0.5156881,2.7490847,7.097551,5.655122009753342
00127-EN7GiDgxdQ2_0,13.996619,0.10556507,-2.29972,2.484459813776102
00127-EN7GiDgxdQ2_1,15.358509,3.5055647,0.61440635,2.318152724871537
00130-MjzBosUX3WW_0,7.9480214,0.060794055,-2.1773794,2.5176944070797624
00131-bZsfeA9uRk7_0,-2.8766003,-0.09865302,-1.8916402,1.4311342237796574
00131-bZsfeA9uRk7_1,-1.3086395,0.10134697,2.008787,5.523346926603804
00132-sWAdxSLVPQC_0,-2.9238148,0.10427685,3.0402422,5.754066064424457
00133-P3kZKzwnEbM_0,0.24412365,0.13375899,0.4438316,4.145849840741584
00134-Mre6deDcPCP_0,7.638471,-0.3434561,-6.6960583,5.881480323698555
00134-Mre6deDcPCP_1,6.4795475,0.056543946,-0.32930747,2.67226284014554
00135-HeSYRw7eMtG_0,-0.4480107,-2.600993,-3.8335261,5.4161616864049
00135-HeSYRw7eMtG_1,-1.2944424,0.030472249,-5.11401,4.623617785099167
00135-HeSYRw7eMtG_2,5.7313924,3.199007,3.3290153,1.6340177697469633
00136-z8SrvZ4eyqV_0,4.494069,0.2327132,3.70561,1.6043611105465438
00136-z8SrvZ4eyqV_1,4.494069,0.2327132,3.70561,1.5191961587948561
00137-2tqbn5VLQoq_0,-3.4921021,-1.1673031,-1.9238157,4.385951182754551
00137-2tqbn5VLQoq_1,-9.621151,0.032696843,4.424609,0.8681097835894785
00138-jAzZDvf6i67_0,7.156334,0.11850396,1.370398,2.993358296322892
00138-jAzZDvf6i67_1,5.1764183,3.118504,2.7240703,5.368671867960647
00139-Dj6sJyU7qmd_0,-10.072853,0.11690521,6.1720724,4.672401551218102
00139-Dj6sJyU7qmd_1,-12.056105,2.9169054,-3.2994823,2.7215716878337712
00140-qWb4MVxqCW7_0,5.590701,0.042481422,4.6360025,0.9198312935524192
00140-qWb4MVxqCW7_1,-3.8136086,3.088943,2.6779509,2.5592392185960273
00141-iigzG1rtanx_0,-0.39119792,-4.15477,0.7383269,3.2366263580795476
00141-iigzG1rtanx_1,4.6524396,1.6452303,1.8232032,5.3350572272259775
00142-DwDDvGo9QdA_0,12.864439,0.16040303,-5.550793,1.3115858118012353
00144-7CXbc73tDRf_0,1.5973357,0.12469125,-1.7105354,6.17215726483037
00144-7CXbc73tDRf_1,0.62359107,2.9246912,-3.691225,3.7577078304144456
00145-U8F9SkAsqbJ_0,0.9478276,-2.429599,-1.9887185,0.42885294744624375
00145-U8F9SkAsqbJ_1,0.3950811,0.17040086,-1.7009342,0.5887827270862996
00146-BLhX6Do8f1t_1,-5.8414607,0.33237943,-3.7548442,1.8380031532461503
00147-TZ2jsvNG2nt_0,0.06406918,0.11978379,9.951029,6.019944235494433
00147-TZ2jsvNG2nt_1,5.0824285,3.5197837,1.6623027,1.2060589133153072
00148-csHQLLFPE3g_0,-3.1653233,0.069814116,0.041303292,5.067145663971913
00149-UuwwmrTsfBN_0,-2.942513,-2.9413035,-8.646681,4.667112625367602
00149-UuwwmrTsfBN_1,-0.04183513,0.05869651,-9.35201,0.409209386470498
00149-UuwwmrTsfBN_2,3.4713993,3.2820594,-12.747846,2.97562009848387
00150-LcAd9dhvVwh_0,2.1049643,-2.6278577,10.489965,4.341303493098633
00150-LcAd9dhvVwh_1,12.852489,0.08689117,6.860503,1.7356408266060275
00151-D8bT1ambLFc_0,-4.4205546,0.047332406,-7.0545235,3.427287548559147
00152-EgzWe8N3jZG_0,-4.774073,-2.8414505,-0.68592083,1.4578396834207326
00152-EgzWe8N3jZG_1,-0.2256681,0.15854955,2.490218,6.2325286092306165
00153-28FFMGySc6D_0,-12.206414,0.11489716,-1.8203058,5.491821509272507
00154-2dZ1Jivh5if_0,-1.3064458,0.07807799,0.52281445,3.238973710339518
00155-iLDo95ZbDJq_0,-3.9404788,0.11437657,7.450802,4.537789528407347
00156-iQPq34e8hJX_0,-6.3183265,-2.4700358,9.655075,6.223806309171129
00156-iQPq34e8hJX_1,-2.4207337,0.12996435,5.523075,5.254183371213839
00157-3PiKdwyfEkX_0,-0.16158335,-2.5725865,1.6478171,5.40848357887481
00157-3PiKdwyfEkX_1,-1.4260588,0.17605853,2.954846,5.244259678285552
00158-YV9M9gZG3YJ_0,-4.9037356,0.0779521,1.9388616,4.257923403481217
00159-DfUQLukPMPc_0,-4.5432215,-2.8592098,1.0500478,3.040906209194016
00159-DfUQLukPMPc_1,3.931169,0.14079022,6.5717397,1.5282019325742286
00160-7dmR22gwQpH_0,5.4080153,0.038896978,1.386723,6.280155101077994
00161-uFCiZVVks57_0,-13.212174,0.18684712,2.3584187,2.0586669437280554
00162-1sM6KvYg3J5_0,-7.6499057,-2.4660566,-5.010291,0.9981123113476176
00162-1sM6KvYg3J5_1,1.6616931,0.2580528,-0.85487473,2.328151798240672
00163-uXh7Yr7x12L_0,-2.4260607,-3.817944,4.615265,2.7344761319929516
00163-uXh7Yr7x12L_1,-7.1226344,0.18205595,7.289449,4.452263715047044
00163-uXh7Yr7x12L_2,-4.6206913,4.1820564,7.351766,3.0606771889615128
00164-XfUxBGTFQQb_0,-3.9678884,0.11970052,0.4059119,4.285531593631597
00165-N8oi63yAP2b_0,-5.268244,-2.8310897,1.917501,2.1016188251684267
00165-N8oi63yAP2b_1,-4.6888733,0.2226696,3.6299646,1.853669848243165
00166-RaYrxWt5pR1_0,-1.2043774,0.05840218,3.4254746,1.977359187998231
00167-yogvKWUrdnw_0,-17.861525,-0.052490324,-0.66365504,4.352129852966258
00167-yogvKWUrdnw_1,-0.18818082,3.1475098,0.06611546,2.8692139158945524
00169-3KZbo846fxq_0,-5.1685266,-2.7679222,8.035072,3.348410346155003
00169-3KZbo846fxq_1,-1.2348688,0.03207779,3.4386058,5.472779990133368
00170-S3r45BMWy6H_0,6.4305596,0.016639307,1.6339084,5.809795356419252
00171-mWqBmEyXcXN_0,5.5349145,-0.21258585,5.22554,1.8016406538230394
00171-mWqBmEyXcXN_1,6.48625,3.2186267,-1.8709066,1.4426163692546983
00172-bB6nKqfsb1z_0,-2.031484,-3.2899492,6.684592,5.846893104870981
00172-bB6nKqfsb1z_1,-6.358799,0.11005092,5.52896,4.595384607701962
00174-BqLwEyiLbza_0,-0.3346667,-3.5107186,0.9366991,0.6170905573293376
00174-BqLwEyiLbza_1,-9.955017,0.13960886,1.0385823,5.227657841726901
00175-nW7z5USWzWo_0,0.027873017,-2.1950111,-0.1722081,0.46857350359198685
00175-nW7z5USWzWo_1,-8.280472,0.80498886,2.1581607,5.072110195267274
00176-wcJYziD5pmF_0,-2.6341562,0.00051501393,1.3907918,4.863999785245571
00176-wcJYziD5pmF_1,-2.915986,0.00051501393,-1.5220864,3.071302449659041
00176-wcJYziD5pmF_2,-8.201777,2.800515,1.0402122,3.6329226019932603
00177-VSxVP19Cdyw_0,11.780422,0.028199852,1.6867305,0.12341142665927815
00178-yqNxxJnA3iL_0,-7.837346,0.2158525,5.453149,5.277226591598516
00178-yqNxxJnA3iL_1,-4.839472,3.2158523,-1.7008613,3.5497931336344624
00179-MVVzj944atG_0,6.0572567,0.03278899,-0.012971401,4.54819841238253
00180-sCCThjhioJC_0,-3.9565632,-2.603796,-3.2538002,4.855451439885046
00180-sCCThjhioJC_1,-1.6171168,0.073157,-4.6733227,2.7451128362634414
00180-sCCThjhioJC_2,-9.252563,3.196204,-3.3511415,2.695597686355038
00181-qkkRnWghK8e_0,1.4295956,0.03707701,-4.320077,0.1606960446759436
00182-qWP3MMQM3eJ_0,-7.8545303,0.17594606,2.583627,3.5795495271651956
00183-kEL17iFsVbw_0,-5.29235,0.0068370104,-2.204674,3.496761517370297
00184-nzuiinFMXvf_0,2.9708576,-2.627586,2.3481705,4.946483979677614
00184-nzuiinFMXvf_1,0.17567402,0.17241406,1.4317552,3.853033756257364
00185-NjyeoK5BLx3_0,8.168308,0.11541434,-1.2838035,5.5340355586103005
00186-7UdY7HiDnUi_0,10.9962845,0.09275885,2.9681935,3.294801589291275
00187-GCCrNuhZ9WY_0,-5.381834,0.010200933,-1.8875974,0.03612440306829204
00188-dQrLTxHvLXU_0,0.4247311,-0.3177868,-0.41220692,4.443925431501348
00188-dQrLTxHvLXU_1,4.085804,2.8822134,-0.83841765,1.4408338145566966
00189-KHhgcNqsc9h_0,3.8361828,-2.8177829,6.3921113,1.0300511602222802
00189-KHhgcNqsc9h_1,0.80524766,0.18221712,4.300696,2.5018226548685485
00189-KHhgcNqsc9h_2,0.33572528,3.1822171,2.5050964,0.2592760606019673
00191-dKySjDYsya1_0,-10.916629,-3.0449724,-2.142986,4.315774822461828
00191-dKySjDYsya1_1,-10.837378,0.15502787,0.2773154,0.13699744062593708
00193-wwX4MFiTTrt_0,-4.3484907,-1.288107,-4.353503,2.055327017910551
00193-wwX4MFiTTrt_1,-6.4026318,1.511893,-5.463315,4.056995659440589
00198-eZrc5fLTCmi_0,-4.786271,0.017052129,0.10212043,3.8894140051773043
00201-k7vRbGpz44m_0,5.40588,0.13018304,0.22948022,4.719331757773801
00201-k7vRbGpz44m_1,4.1229367,3.1301832,0.40400183,4.025591551535622
00202-yVbpFay8gTU_0,3.816451,-3.315504,-2.1051002,6.197148653414006
00202-yVbpFay8gTU_1,-2.764595,0.08449578,-4.5803175,4.295856058430267
00203-VoVGtfYrpuQ_0,-4.70152,-1.8477359,1.1605688,2.1524919843843477
00203-VoVGtfYrpuQ_1,0.31966192,1.1522641,-0.42553693,5.033968673129527
00204-gxttMtT5ZGK_0,0.6067556,-2.8554008,-1.6440656,5.855175045791618
00204-gxttMtT5ZGK_1,4.2718687,0.1445992,-8.374967,4.117859710780919
00204-gxttMtT5ZGK_2,2.821301,3.1445994,-7.1257486,0.8804774372217701
00206-uhkqDVMtEnn_0,11.121424,-0.010017224,-2.423627,1.3719561658660402
00207-FRQ75PjD278_0,3.4679856,0.08834503,-0.70150864,0.7345585794264363
00208-SQqGpSHzfSr_0,-5.028744,0.05562301,1.1335514,1.3033754119191383
00209-C5RbHBQ76DE_0,0.99904096,-2.4209614,3.6281052,5.197307153158729
00212-bAdy4hKf1a1_0,1.6265332,-2.507307,2.402831,2.3484550510523543
00212-bAdy4hKf1a1_1,-4.783045,0.09269285,2.0526795,4.704593996910029
00213-mkvHBa3mEEk_1,-1.328265,0.09046888,0.47484326,2.5366463941719997
00214-WeyCwVzL53K_0,-0.8485513,-2.7806664,-5.7472234,3.3235065384451
00214-WeyCwVzL53K_1,-0.6858438,0.010966778,-4.1043687,0.5364090390855826
00214-WeyCwVzL53K_2,-2.482851,3.0109668,-2.96664,3.227894033662534
00215-zWydhyFhvcj_0,-0.6474473,0.029773235,0.61904764,0.2722458567477488
00215-zWydhyFhvcj_1,-6.1539254,2.8297732,0.12161733,5.553438988567271
00216-6EMViBCA2N7_0,0.6137761,0.14871791,0.23574027,3.8528452497124577
00217-qz3829g1Lzf_0,2.2097433,0.033981383,4.336157,0.46684800094657264
00217-qz3829g1Lzf_1,4.0997105,2.8339813,3.2346277,2.479694201923514
00218-fQHGxvurx9L_0,2.3353934,0.08454457,3.5877826,4.313067303732954
00220-KAzjXJvZtR3_0,3.677599,-3.124625,2.183872,0.7037200728885966
00221-zJEEFaNaRbB_0,-0.38248098,-2.4437218,-2.393045,2.912871835411852
00221-zJEEFaNaRbB_1,-4.116426,0.15627813,-1.6432137,3.272810671178519
00222-g8Xrdbe9fir_0,9.878459,-1.034931,3.1322393,3.762888612441755
00222-g8Xrdbe9fir_1,2.3990116,0.16506898,2.0024254,4.141722089640371
00223-wQN24R38a9N_0,0.93561924,-2.8729339,6.9867887,4.36838718181353
00223-wQN24R38a9N_1,9.78172,0.12706614,6.8062778,2.9688399988069283
00224-8m2Sk2sC3DR_0,5.261831,-0.005096242,0.13761404,4.760044857281323
00224-8m2Sk2sC3DR_1,3.0845344,3.5949037,-0.89134026,6.148685574301672
00226-8mXffaQTtmP_0,-1.6393552,0.057804972,-0.10448915,2.1820057106247703
00227-bvdRzJBgJyg_0,8.071218,0.039432243,5.4257336,5.768267558067923
00227-bvdRzJBgJyg_1,2.646638,3.4394324,0.643046,4.531118054450755
00228-d5faFfQRphr_0,15.507893,0.18863764,1.8765235,5.052227543967886
00230-TNx8nti6GNi_0,14.985773,0.0722653,3.0756328,2.1506727756263437
00231-4h4JxvG3cip_0,-0.6906757,0.07711001,-0.29468018,0.6583257152683909
00233-PuFu1zFVc4k_0,-0.40746748,0.17071362,-2.0061526,5.934557847390418
00234-nACV8wLu1u5_0,0.82299566,-2.735545,0.9178783,1.5096791144269976
00235-DWsM2ficpne_0,-13.822994,0.06376231,5.306539,4.3182662492472605
00237-BW1f54ZNVW6_0,-6.459553,-2.8001206,0.3658708,3.974329972934325
00238-j6fHrce9pHR_0,-14.272301,0.08357698,2.870853,5.943854852080721
00239-b3CuYvwpzZv_0,8.292143,-0.24194372,-5.569042,1.4928002150497883
00239-b3CuYvwpzZv_1,5.765609,2.7580564,-3.10084,2.6401133850007885
00240-q9CAdKfvar2_1,-2.3145041,0.1789124,0.04050035,5.985645492339144
00241-h6nwVLpAKQz_0,1.2469723,-0.0013566017,-4.987918,0.7915652046223326
00242-JHHVv6QZJMm_0,0.010348648,-2.3756762,-0.10661201,4.390066909126643
00242-JHHVv6QZJMm_1,0.24175304,0.13578105,-1.1906017,4.155441942457721
00245-741Fdj7NLF9_0,-3.2484684,0.13381249,14.365314,5.538491860078102
00246-mscxX4KEBcB_0,2.779685,0.036631018,1.2814466,6.021017906259379
00247-uvveHdpUZis_0,-1.6157703,-2.6581857,-0.39578733,2.540002838099269
00247-uvveHdpUZis_1,-3.153809,0.14181423,0.4568221,3.830343962880501
00247-uvveHdpUZis_2,-4.2469807,3.1418142,0.51282394,2.6096285554504823
00248-PM558qFsyi8_0,-1.7180973,0.19423133,5.410363,5.188785390400167
00249-PYHRaSotJNh_0,7.4079256,-2.8982077,-1.0086796,1.6304895585089914
00250-U3oQjwTuMX8_0,-10.415863,0.07911548,-11.076277,3.1025732380763866
00251-wsAYBFtQaL7_0,2.6696122,0.1449112,-2.1402464,0.10061457648979356
00252-kGVKV9k9DCT_0,-9.158869,0.12389207,-12.401196,4.0194193332006565
00253-HjxjHvpdeoM_0,-9.41376,0.15974084,5.5216293,5.558620093497604
00255-NGyoyh91xXJ_0,0.16373396,0.092082076,4.8502364,1.1527733282773476
00256-92vYG1q49FY_0,0.31908897,-2.636651,1.0606728,1.9640906256631567
00256-92vYG1q49FY_1,2.5474823,0.19272791,-2.3618634,3.669510491366723
00257-j2DKmTV5TPV_0,3.328927,0.14827025,-2.5918467,2.758067847499092
00258-2Pc8W48bu21_0,-1.3601682,0.16767362,9.452095,5.793321601924753
00258-2Pc8W48bu21_1,5.019143,3.3676736,3.860101,0.34251698447941775
00259-4J8N2Ah1a6o_0,-2.5248673,0.11923733,-0.53238803,3.122365460187743
00260-ECStCRoCNWM_0,-4.290902,-2.6927478,10.132161,0.6286980193205803
00260-ECStCRoCNWM_1,-17.840668,0.10725212,6.137903,2.35993612612048
00262-1xGrZPxG1Hz_0,-3.725105,0.11077675,0.37426686,3.584878587718665
00262-1xGrZPxG1Hz_1,-8.015783,2.5107768,-0.31198063,3.279705638349147
00265-3Ao63EY7J83_0,-4.318557,-3.3817353,-3.1150174,5.338514137770289
00265-3Ao63EY7J83_1,7.7059126,-0.18173528,-10.453966,2.5259531311602945
00265-3Ao63EY7J83_2,-1.5844344,2.8182645,-7.9413013,3.785475502418532
00266-67ADtrTrBK2_0,15.571959,0.14292946,-11.478527,1.9918413064414364
00268-mHJxL9jnCox_0,-11.627905,-2.792743,-5.3472066,4.467031134841024
00268-mHJxL9jnCox_1,-9.168222,0.20725703,-2.6779666,2.2428717160043394
00268-mHJxL9jnCox_2,-9.168222,0.20725703,-2.6779666,1.7051745767060424
00270-bDTsgcSK5Qr_0,8.152129,0.13964052,-1.3785008,2.2587536783030466
00272-kA2nG18hCAr_0,0.9616632,-2.6172323,-1.0150951,1.9675336418769378
00272-kA2nG18hCAr_1,16.612448,-0.6172323,2.3655975,0.3777403228690558
00272-kA2nG18hCAr_2,-2.0628874,0.18276763,1.0557526,2.515060857030594
00273-8DDKELpgD99_0,-0.8545233,-2.968962,-4.793846,0.7544630154187825
00273-8DDKELpgD99_1,-6.8934274,0.057388745,-0.34255862,0.9484806939881701
00274-NcK5aACg44h_0,7.602219,-2.1734498,1.6556804,2.7622578005247687
00274-NcK5aACg44h_1,0.37822032,0.11795631,6.261696,1.5596123936110144
00275-4dbCzNN5L5t_0,-4.0783734,0.17747298,7.9924316,4.541699935529759
00277-RHrFkyC59tf_0,1.1469954,-1.2000247,-1.9527506,2.3707036549112104
00278-dcd823nTKH9_0,-1.5712248,-1.0149021,-3.2497559,5.861655346837394
00278-dcd823nTKH9_1,-4.1238093,2.385098,-3.1237173,2.5057854431125075
00280-FgswoxWb3uN_0,9.722414,-0.549331,-0.47535872,3.339010439025392
00280-FgswoxWb3uN_1,13.73903,2.8506691,2.2477467,0.5866685430092426
00281-mj5sKX44BmS_0,1.1879559,0.14727,2.7326329,0.6119228675020251
00282-8nSVqHLMRwQ_0,-7.851672,0.12029201,1.4472301,1.923787366244781
00283-MPPDV4Gvybr_0,0.20603964,-2.2537,2.738314,5.070831520719096
00283-MPPDV4Gvybr_1,9.721412,0.14630008,4.5371428,5.6473843649383975
00283-MPPDV4Gvybr_2,9.5631485,2.9463,3.7309346,0.4012425370412988
00284-4GfZ9TTZUwL_0,11.0496435,-0.0143175125,5.1902676,6.200433264941288
00284-4GfZ9TTZUwL_1,12.283196,2.9856825,6.134719,0.4255050085865551
00285-QKGMrurUVbk_0,-3.5167637,0.10054007,-5.158797,2.048564093476584
00286-UbsJXeCkJBA_0,-2.5717335,-2.5822933,-5.635949,3.995321277110201
00286-UbsJXeCkJBA_1,-2.1388996,0.017706633,-5.140107,2.790148879570156
00286-UbsJXeCkJBA_2,-5.9348936,3.0177069,-5.5283356,4.811258486309974
00287-SBHLgvFTVMZ_0,-5.098903,-2.4961617,0.13457476,4.38473871113368
00287-SBHLgvFTVMZ_1,-8.611288,0.103838205,-0.6830766,3.094290984146562
00289-wz9FcGhrndc_0,-9.479314,0.09272833,0.37969416,5.5238319672319705
00290-6HMiy15cxis_0,-1.5186839,0.13717909,-2.9771037,0.5213659011234734
00292-reHtN7VMWkg_0,-4.5106378,0.091092706,-1.4768347,3.1793832163071323
00293-pEeGyoYCEa1_0,4.6505566,-2.633464,-4.886747,0.9032042026886544
00293-pEeGyoYCEa1_1,-1.6477947,0.16653585,-3.9549885,4.390605537467384
00295-LQy8D2nmZ4x_0,3.2636383,0.1311341,0.35081562,4.3362330438453505
00295-LQy8D2nmZ4x_1,-5.3101583,2.7311342,0.7144084,4.933660679114673
00296-sLwz8nKD3wF_0,-3.171301,-2.70008,4.588965,6.131887556803342
00296-sLwz8nKD3wF_2,-3.8805544,3.0999203,4.7131023,5.296137383663149
00297-jGdNyKqGZJw_0,-0.6273732,0.057902053,2.9194524,5.24778070924835
00298-by8SK9u18S8_0,0.40277326,0.16078305,-0.33458158,4.531068910454121
00299-bdp1XNEdvmW_0,3.070678,0.03515412,-0.68813753,1.1893801087167128
00299-bdp1XNEdvmW_1,3.070678,0.03515412,-0.68813753,0.6614610608970353
00300-GcfUJ79xCZc_0,-1.6999,-2.3708787,-0.9565629,4.392400951855503
00300-GcfUJ79xCZc_1,0.89032245,0.07233234,-1.102675,2.729035428225276
00301-JiHGQpwKUvd_0,-0.9861882,0.09793396,5.065219,3.3183778350969257
00302-JFgrz9MNz4b_0,4.035294,-2.7928987,-15.234712,3.1678797039829485
00302-JFgrz9MNz4b_1,-1.742002,0.0071012974,-2.1505296,3.395561138413543
00302-JFgrz9MNz4b_2,4.854373,2.8071012,-3.104779,2.1027732499028216
00303-ghWQ5kHV97i_0,-5.09953,0.033372357,2.1009536,6.2438662688880715
00304-X6Pct1msZv5_0,2.95619,0.14680052,-0.01845321,4.393320090017521
00306-Y4L8fjz2yH7_0,5.90564,0.187253,-2.7132895,2.3346056788209593
00306-Y4L8fjz2yH7_1,-7.756855,2.987253,-3.3638303,4.937004728810658
00307-vDfkYo5VqEQ_0,7.08895,-3.1179905,0.8788087,1.8478326131791205
00307-vDfkYo5VqEQ_1,6.5830917,0.082009554,3.756402,4.419481659213468
00308-gmLDom6XSo7_0,-5.7612624,-0.36433336,-4.0567303,3.423115748029021
00308-gmLDom6XSo7_1,3.1677392,0.094601154,-1.172321,2.880358474844766
00310-WnvnMQh4eEa_0,0.15034649,0.13814965,2.015573,4.515138664391063
00310-WnvnMQh4eEa_1,3.5807426,0.13814965,2.6894722,0.4053333183872343
00311-mHXUEKEV6gR_0,-6.0874805,0.009536266,-0.5309926,2.2255850057299225
00312-UrFKpVJpvHi_0,4.0173187,0.112287015,-1.6199765,2.0603049648169365
00313-PE6kVEtrxtj_0,0.3003289,0.09852779,5.5091763,4.283006705588804
00315-We1N7vBtyGm_0,-1.1613257,0.17838708,-4.001624,2.9280874387067306
00315-We1N7vBtyGm_1,5.257236,2.778387,-5.031392,5.581295152269698
00316-LqsTKpxKVP2_1,-0.45295867,0.18046212,-0.009370754,6.239957684026329
00317-P8XJUpcAUkf_0,-6.6504087,-2.47278,-0.41965613,1.2168108490320355
00317-P8XJUpcAUkf_1,-5.649179,0.12721992,0.6831975,5.818536212145607
00319-sjH1uaR68XQ_0,-1.2662897,-2.839185,0.42486173,2.2762472023991247
00320-nicaPonCxvC_0,1.9459925,-1.5783557,-11.917767,2.352538608284829
00321-JWWJBQWHv64_0,-12.624321,0.13610804,-1.326752,4.1821677549895115
00322-7Xp37y8DpSv_0,-0.6747974,0.14735568,0.19196028,0.13304359857316606
00323-yHLr6bvWsVm_0,-0.051152423,0.0024145693,1.5047827,2.5376798005326857
00324-DoSbsoo4EAg_0,-4.958604,0.08375928,9.628725,0.38023477571017616
00325-bMvM1KL4WsR_0,-4.204194,0.14406943,-3.4218225,4.775210272065606
00325-bMvM1KL4WsR_1,-3.3542535,2.9440696,-5.207656,3.3607677517571197
00326-u9rPN5cHWBg_0,6.850371,0.16440988,-6.090456,3.6057557600637633
00327-xgLmjqzoAzF_0,11.484707,0.061364472,2.1816707,4.196807338799469
00328-DACaFbApXUe_0,-2.3723989,0.14391351,3.7805016,0.07526743747070151
00329-asrq4PFvdvF_0,1.7315695,0.016020775,-1.814477,5.618203540177225
00329-asrq4PFvdvF_1,14.388474,3.4160209,-0.61015105,0.9735827053402085
00330-WhNyDTnd9g5_0,-1.257747,0.19343972,0.12474455,5.928909966384649
00330-WhNyDTnd9g5_1,-1.257747,0.19343972,0.12474455,5.46069169782412
00330-WhNyDTnd9g5_2,-1.9815733,2.7934396,-1.6886377,5.186202155192869
00331-gGMMut83nsX_0,0.6856191,0.054927975,-5.860653,0.4880896848929509
00332-cWfRoQnzNiM_1,2.1239948,0.13218117,-2.7212462,1.4024325578306536
00333-LLecyBe5Eq2_0,-7.358254,-2.608643,-1.9266852,3.8703308516379327
00333-LLecyBe5Eq2_1,-0.31964737,0.1913569,1.9710141,3.7362745146088683
00334-hkmLgL6jrP8_0,-0.41431686,-0.22100863,10.56844,0.14806037807394673
00334-hkmLgL6jrP8_1,-0.41431686,-0.22100863,10.56844,6.267624252914627
00336-uc8QkFS11Hj_0,-3.1452303,-2.7073457,-3.0628364,3.786791345242498
00336-uc8QkFS11Hj_1,-10.360909,0.09265423,-3.393898,4.166528524348775
00339-T7nCRmufFNR_0,13.251532,0.06293507,1.3624101,1.897803790325038
00340-GtqoUWABJ11_0,-1.944078,0.18183699,-0.6827246,5.136432484051937
00341-tYvWp85L81G_1,3.1981804,0.08130789,2.491889,2.20564568968143
00342-C6JvMamYTRg_0,-6.6962433,0.0383009,5.5977397,4.785405336961234
00343-5graSmdK3Bj_0,3.5103118,-3.0105448,-2.3554657,5.242527576224651
00344-PaQrTquNd2v_0,2.5711274,0.03239198,-4.174166,5.197611924632676
00345-8EqKbkhqE4R_0,-6.7201033,0.24484125,3.5839663,5.710319247225843
00346-mQFC1yx29MM_0,6.4684544,-2.9321218,2.4344807,0.8280181661662429
00346-mQFC1yx29MM_1,7.336671,0.06787825,6.812896,3.5523795945657994
00347-bwoBmU23M2N_0,5.609459,-2.8501072,3.9432087,2.140133475168523
00347-bwoBmU23M2N_1,4.0464497,0.1498928,5.302004,5.413908312996241
00348-37c5w29pYm3_0,5.7787523,0.23362973,4.5105505,3.281206804985735
00349-p32JzpQyhPk_0,7.2234325,-2.687882,-0.15242834,2.476331801457665
00349-p32JzpQyhPk_1,7.3754706,0.112118006,2.3160648,1.8844382132745177
00350-amdKHm5GAM1_0,15.996407,0.30478895,3.1497302,6.196355914254279
00350-amdKHm5GAM1_1,3.7882118,2.904789,2.671472,5.809318542977607
00352-zmZvNTCxMZE_0,0.60216075,0.13098946,1.2083893,3.819842363246777
00353-8qbZhbTc1wX_0,4.340311,0.1373848,3.016404,0.8200893628304553
00354-NpCFg9NdUgL_0,2.5050712,-2.5853353,1.0064043,5.085358839157921
00354-NpCFg9NdUgL_1,7.065431,0.1620171,-1.1138294,5.024551350495352
00355-Qkm4CooNoPi_0,-4.0748453,0.14657016,-3.3843007,6.13554891776898
00356-RYzud5W7ZnC_0,-4.508024,0.055804163,0.35101703,3.2694224637814857
00357-TzQLNfWugiZ_0,-2.4044445,0.10862005,1.5205638,1.788349540986941
00358-Wjvsh6jnVsR_0,10.874594,0.0239048,-0.7698208,3.557825782503871
00358-Wjvsh6jnVsR_1,10.315889,3.2239046,-2.858465,2.364443413697336
00359-aTf5zsbjZMb_0,-10.085104,-2.606753,-2.4641926,3.5589409867860247
00359-aTf5zsbjZMb_1,-2.5310335,0.19324684,-1.4256312,5.319594634602457
00360-yA3RqPqMrGE_0,9.145105,0.089460135,0.8762733,3.0510892442782236
00360-yA3RqPqMrGE_1,4.4642987,3.0894604,2.19119,5.03846544997206
00362-o94q92w5PK5_0,0.38449275,0.047926143,-0.23857287,5.139050598385564
00363-DS3nSAaa3Nr_0,-9.115408,0.107019424,12.585598,5.88208732792753
00364-tEafuWwhhwr_0,4.7270527,-3.0084376,5.940213,5.000564557794045
00364-tEafuWwhhwr_1,-4.6811,0.08321889,6.8351126,0.5073420409671615
00366-fxbzYAGkrtm_0,-0.013149947,-3.1826224,1.8019342,0.6588579038612503
00366-fxbzYAGkrtm_1,-5.001728,0.017377853,3.143411,5.091328198679204
00367-RHdkyzXFp1k_0,-1.2986294,-3.1267502,2.3676786,4.415711500557903
00367-RHdkyzXFp1k_1,-2.4665046,0.07324982,3.816956,1.4089053358433934
00367-RHdkyzXFp1k_2,-0.4109397,3.2732496,4.379331,6.194469121910296
00368-k9UfRPqLm3j_0,6.3431025,-2.7175949,-1.1160553,1.8194145521226732
00368-k9UfRPqLm3j_1,-0.22947866,0.08240509,-1.7695545,4.076367689453623
00369-FgXPKxNp5kK_0,-1.1607776,0.12019998,8.298212,5.0745262894656245
00369-FgXPKxNp5kK_1,0.37669006,4.7202,4.326551,2.591962389543313
00370-RcuYAHzrjK7_0,0.34103176,0.079827994,8.736635,5.682476106289689
00371-6AGcGQf2wof_0,1.839796,0.060377203,0.16607843,2.2955401170402214
00371-6AGcGQf2wof_1,1.839796,0.060377203,0.16607843,2.6932635097981708
00372-GMwtBqNLGBs_0,-15.722103,-0.058404997,4.3021173,1.6356228774792334
00373-WPzCkWEorzk_0,4.388886,0.1752932,9.425566,1.0221988817268741
00374-j2eqyxdYAFW_0,-0.6587169,-2.557616,-0.7887521,1.5196227763062726
00375-kubNyvKJBUX_0,-9.497015,0.013661087,-5.257064,2.6497138773720033
00375-kubNyvKJBUX_1,-2.0807068,2.0136611,0.39299464,1.2765830268820755
00376-wxixLWuvLjd_0,-5.840674,0.080754995,1.4389552,2.285644225771123
00377-Fgtk7tL8R9Y_0,1.1579545,0.052137047,1.1439427,3.760160346803855
00378-DqJKU7YU7dA_0,-6.145708,0.07917374,20.26542,0.6053957948821548
00380-fdfRpE6Cfsr_0,1.6012206,0.17414302,0.7792256,1.328119120381317
00380-fdfRpE6Cfsr_1,3.7038314,3.5741434,3.7868218,5.400009478284529
00381-pmZMJfFd3Jy_0,5.52942,0.04006876,-0.53785324,0.9950568934907188
00382-S7uMvxjBVZq_0,0.11019431,-0.13553657,-1.5952234,3.5744418008422922
00383-yTgw14aa5ha_0,-3.1414993,-2.6077213,-1.1042615,5.022425587087327
00385-PB8eQHRTRRK_0,-9.4119215,-2.5470057,0.6394213,3.7403624914125864
00385-PB8eQHRTRRK_1,-9.604927,0.05299425,0.5110235,4.092541847601166
00385-PB8eQHRTRRK_2,-0.7056725,2.945212,0.3546821,2.194483614061816
00386-b3WpMbPFB6q_0,-4.7399206,-3.035172,1.6855371,1.4867249271462015
00386-b3WpMbPFB6q_1,-11.163423,0.29750174,-6.556751,1.7902289420471784
00388-pcpn6mFqFCg_0,7.89205,-2.0457385,2.157229,1.0462252717675697
00389-d6bYiL1d9Fh_0,9.646182,-2.5846477,1.0866646,0.08805320686448226
00389-d6bYiL1d9Fh_1,9.694224,0.015352488,2.2195716,2.5901102236993396
00390-c9DeZf2fcDf_0,4.4853344,-2.8743079,4.5644484,0.8882325039366054
00390-c9DeZf2fcDf_1,4.485062,0.12569237,4.36414,1.5613141480650607
00391-3UDjdrwcqMb_0,-3.661727,0.079374984,0.9613017,0.8457139671166228
00392-M8PMwoYQTUV_0,-0.26230314,0.21421854,3.23047,1.002823647353051
00393-dD37vuCa4FE_0,12.960381,0.13080445,2.7808983,6.124571751429541
00394-H7bBanejcc6_0,-5.728641,-2.5441976,-5.419696,4.007946677157689
00394-H7bBanejcc6_1,3.4621835,0.14974523,-2.6774673,3.1599027750252637
00395-giViJCyCH2C_0,-0.863767,0.085090354,4.0928116,5.058097370525566
00396-wuKkTq5GJbi_0,-7.6322064,-2.4866788,1.1657982,0.2095372581877854
00396-wuKkTq5GJbi_1,-7.249089,0.113321066,0.29685035,0.00168644272113339
00397-ZNanfzgCdm3_0,-6.264574,0.014647245,-1.565276,3.9330837188375423
00398-Vnb6uKtzQCU_0,-1.209095,-2.0908146,6.6332264,5.1591961504514305
00398-Vnb6uKtzQCU_1,-2.3589792,0.16712308,-4.8652077,1.7068364184183764
00399-XokRUNE3gB1_0,-3.4906824,0.05049391,-5.654155,4.194296062635717
00399-XokRUNE3gB1_1,1.3800406,3.050494,-2.4215994,4.633289971281116
00400-KcHdFEzySGq_0,12.723776,0.16388798,2.347331,0.5065549039477008
00401-H8rQCnvBgo6_0,-2.8540447,0.19059803,-4.4523115,0.3676590031107435
00402-zR6kPe1PsyS_0,1.9774574,0.18326417,8.139093,3.748310443971617
00404-QN2dRqwd84J_0,1.4815872,0.19140404,-5.979206,4.214349023195337
00405-q28T9C3q2dv_0,1.4050773,-2.7763615,-3.096301,3.5572867470500054
00405-q28T9C3q2dv_1,1.6985021,-0.5763614,13.28444,5.549351389220101
00405-q28T9C3q2dv_2,9.437704,3.4236386,-3.6322129,1.930712596647397
00406-n2Tt2eJdqnT_0,-4.3256135,0.07288094,8.655794,4.344704564519779
00406-n2Tt2eJdqnT_1,-3.16172,2.872881,10.851519,5.753378045717755
00407-NPHxDe6VeCc_0,11.686354,-0.12146032,-6.7107687,2.9780978099234816
00408-RamZzGBBPbT_0,0.006365927,-2.4976203,0.56324667,3.3754822566015283
00408-RamZzGBBPbT_1,3.777067,0.031845093,5.557543,0.3659047471783942
00408-RamZzGBBPbT_2,3.777067,0.031845093,5.557543,6.25169965400181
00409-rxGLNxH6eoJ_0,6.397128,0.17363778,-1.5832376,1.7990165966957368
00410-v7DzfFFEpsD_0,14.828085,-3.0553355,-1.3737445,2.9180486613534784
00410-v7DzfFFEpsD_1,14.568565,0.10536885,-1.8352871,1.996917555350273
00411-o4tckGBtaxz_0,-7.881623,0.17192402,3.4768143,6.099790049662492
00411-o4tckGBtaxz_1,-0.34261504,3.140033,0.16688241,2.692019004832329
00412-mDPCxA7W1WN_0,-3.686754,0.05772698,-0.5930064,5.82702037370881
00412-mDPCxA7W1WN_1,2.4423175,3.057727,-0.7432879,3.4311383274074743
00413-YM4nG4pSAEJ_0,-1.327466,0.0397069,-1.6795778,0.7019559581257193
00414-77mMEyxhs44_0,13.027831,0.16044098,0.8423596,0.8291487104606787
00414-77mMEyxhs44_1,9.726953,2.560441,-4.5351934,2.6828720646775075
00415-rBmEe6ab5VP_0,8.134743,0.0467391,-7.724005,4.228956382564917
00416-zCMdfYaW9iF_0,0.04706614,0.09619403,-1.5136799,4.671460117776204
00417-nGhNxKrgBPb_0,15.176033,0.052617192,-4.3834424,0.6661720430185928
00418-t6tH2pNA9X5_0,-3.1320038,0.058780104,-0.2842624,2.827703726005948
00419-fbUcgfPMBDr_0,-1.4015576,0.08274308,-2.0955884,0.3544259381965345
00420-R6Byftz8wRN_0,-11.808208,0.23833738,1.3939434,6.125322895913634
00420-R6Byftz8wRN_1,-3.5011513,3.151134,1.9013373,0.4607394162973522
00421-gamLwhSzHci_0,-7.7783356,-3.1214218,-2.8393474,3.5290076435495927
00421-gamLwhSzHci_2,-0.8366463,3.133136,-3.115074,2.0170984521351394
00422-8wJuSPJ9FXG_0,-3.4156978,0.13262834,0.18755177,5.458247366427864
00423-bEdki9cbHDG_0,3.9739747,0.102585316,-8.719844,1.5200564618558248
00423-bEdki9cbHDG_1,-7.2515273,3.1025856,-3.0420527,4.279485368312992
00424-Hsk3jDzNySy_0,-4.814687,0.13497093,2.9854918,2.6032474879125878
00425-SSbSnMigayt_0,-2.8277893,0.081814006,3.8692207,3.5495267558958723
00425-SSbSnMigayt_1,0.07416937,3.081814,1.4404411,2.4756050058962717
00426-X9fRPGxw1jS_0,-0.49991107,0.16646501,0.051425368,4.600165041619336
00427-P3hmFK6Ejnf_0,5.4141016,-2.6502478,-0.4759043,1.4567088233837397
00427-P3hmFK6Ejnf_2,3.8863783,2.949752,-3.2538595,2.173705993996327
00428-vPoFkhqsJaf_0,-2.5034251,-3.2396727,-3.8635895,4.658601173587312
00428-vPoFkhqsJaf_1,-13.110388,0.16032743,-3.3652766,4.917724459018167
00430-P8L1328HrLi_0,4.1633997,0.0037548095,0.81291175,1.2068098012763058
00432-vCfHLVSyL21_0,-9.713453,0.133125,1.6681639,2.168465415022572
00432-vCfHLVSyL21_1,-4.043452,3.1458538,4.1342273,6.005105707968414
00433-uzH9yHazm9t_0,-0.36461905,0.051595405,3.2152295,3.821937168878429
00434-L5QEsaVqwrY_0,1.9963828,0.12656279,22.778929,4.652679101116441
00435-rmDFTEWfNcz_0,5.9471254,0.15747395,5.242609,5.87094354309496
00435-rmDFTEWfNcz_1,5.9471254,0.15747395,5.242609,5.243265585123253
00436-TGVJHgmMGzi_0,0.51388425,-2.7918437,0.38216946,4.861958489125302
00436-TGVJHgmMGzi_1,4.071084,0.0081563,1.6990464,5.479714898338295
00436-TGVJHgmMGzi_2,4.071084,0.0081563,1.6990464,1.9603819624359209
00437-S3BfyR31Wc9_0,-10.5515,0.08140522,0.1543872,2.4699566878271977
00438-XvJjCZv6SYp_1,-0.60667217,1.1383581,0.30899492,1.4648240488092568
00440-wPLokgvCnuk_1,-0.2902219,0.8802166,-4.1299024,3.024326455801035
00441-4MRLu1yET6a_0,-3.8422847,0.101282984,4.1852922,3.7648015678758324
00442-tJ7XVoEN82a_0,-2.5982034,-2.3731713,1.6779379,0.10148539814952266
00442-tJ7XVoEN82a_1,-2.6249294,0.026828527,3.5318213,0.2060812914319062
00443-oz1yTAGPXkh_0,-10.47768,0.040090755,1.3116492,2.850124130747466
00444-sX9xad6ULKc_0,8.641174,0.08200241,0.85512906,5.318480961710438
00445-H81QMurNRM8_0,-11.360131,-0.84883296,-2.5452332,5.179202670147198
00445-H81QMurNRM8_1,-13.576369,2.351167,3.2571192,4.424120260493471
00446-tL6i2PtktSh_0,-5.3262725,0.087420896,3.6669896,3.948950939229231
00448-tAQTHnJ7n72_0,-11.582352,0.076522976,-0.37119156,4.669424511558009
00449-JjsvQEqRxGS_0,6.947798,-2.994518,-0.19465837,1.8585849809458976
00450-LGGnLUDPz37_0,-7.3647842,0.106155396,-0.24960916,4.015732673126742
00450-LGGnLUDPz37_1,-1.0120953,-0.09384465,-5.3086977,5.199643149842981
00451-FYYpmNC4gAd_0,1.7202537,-2.6658502,0.20160544,2.0029792003544737
00451-FYYpmNC4gAd_1,2.2374556,0.13548397,4.867021,2.8884246815356835
00453-6ySDHVkso9e_0,-0.85971737,-2.629169,-1.8519374,2.4973140561424008
00454-vjMVcmpC1hC_0,-6.4374766,0.02970381,-1.7774309,2.557533412887868
00455-k7mcxHG65Wh_0,6.1087055,-0.66057104,-5.3715253,2.2775021835958618
00457-7PZPFHR3oJc_0,-0.26808977,-2.521609,-0.6517973,6.100881831968163
00458-fFx6oC7EVp7_0,4.741235,0.013928607,-0.17728962,2.6380172078963344
00459-Ze6tkhg7Wvc_0,2.617709,0.113452435,-4.156301,1.143389467429782
00460-LViDMxZp4ZN_0,12.485775,0.077436,5.004127,0.7661093620707674
00462-5m6t1y5EvsT_0,-2.2942753,0.163084,2.5158236,3.2721150466411086
00463-URjpCob8MGw_0,5.110673,0.042638063,1.5401684,3.1213625889693333
00463-URjpCob8MGw_1,0.89562595,3.0426383,2.328523,3.0195111299888433
00464-NfkadBDgBJV_0,0.0069793165,-2.8566337,-0.73029923,1.9755107796890217
00464-NfkadBDgBJV_1,0.830822,0.14336634,-6.8604326,3.307146772713654
00465-nvjM2xMma91_0,-2.9440296,-0.2472729,1.6518888,5.211345500791197
00465-nvjM2xMma91_1,-13.630816,0.15272713,4.3031926,3.3208055348167154
00466-xAHnY3QzFUN_0,-4.9368224,0.05698298,16.993866,5.655466549894852
00467-mggziYKSc6S_0,2.9252198,0.11253317,0.38323447,1.0648007473425285
00468-iTm2PKHUcTJ_0,4.1035275,0.19260526,-3.9845424,5.212466334630477
00468-iTm2PKHUcTJ_1,4.1035275,0.19260526,-3.9845424,4.44898702832791
00469-ochRmQAHtkF_0,6.9727645,-2.90628,-6.7759953,4.493496640849531
00469-ochRmQAHtkF_1,2.518093,0.09371996,-0.58143914,6.255810659595141
00469-ochRmQAHtkF_2,7.91665,3.2937198,-5.824838,5.358512061573551
00470-udze1CSof5C_0,-0.9755635,-3.4222848,0.17952177,3.9561382485938577
00470-udze1CSof5C_1,6.360452,0.17771506,0.5276479,3.80085635787153
00471-f93a9wrxRjG_0,0.022045609,0.09633203,-2.7466474,0.9911199605660029
00472-Xuky7E5df6A_0,-3.3211918,-2.9704058,-3.1541767,4.604965888795104
00474-v46TaF2rxHK_0,-10.401591,0.27278602,3.5657182,0.8620376623735128
00474-v46TaF2rxHK_1,-10.401591,0.27278602,3.5657182,0.15003693589216677
00475-g7hUFVNac26_0,3.3392303,-2.8096817,4.3502054,5.234612834294288
00475-g7hUFVNac26_1,10.669407,0.18482147,-4.558368,1.2610650601775335
00475-g7hUFVNac26_2,0.9549093,3.1903183,-1.6321517,3.3075240786761975
00478-QDvRVeWFCjM_0,2.1426194,0.17298472,-7.6417933,0.9593722455326122
00479-p4ZPcGtk6Ex_0,1.4156777,-2.7662606,2.043694,1.5864414960275124
00479-p4ZPcGtk6Ex_1,3.5264907,0.13910833,2.4796848,0.6697412705561374
00480-RrfVebebfWf_0,-12.209751,-3.008206,-0.51339954,0.266956144646159
00480-RrfVebebfWf_1,-0.2116961,0.19179416,-1.3088467,0.1595620545754733
00481-5jLhtVmWd5F_0,0.79066133,0.19494414,-1.9306811,4.281099549014729
00481-5jLhtVmWd5F_1,-1.1449107,3.194944,-1.3491178,5.676400287986319
00482-EQSguCqe5Rk_0,4.233279,0.032633975,3.1078477,2.451888626418393
00483-boHtwWDWtXh_0,7.7607536,-3.0097322,0.3212003,2.165158913164643
00483-boHtwWDWtXh_1,0.20233837,0.1902678,3.3047042,6.122794511759367
00483-boHtwWDWtXh_2,0.47737676,3.1902678,0.9066447,4.078513660768681
00484-fc7RfUCN5mY_0,-0.5566523,0.05317706,-4.482159,2.9837531648520574
00485-yX54kr5c5g9_0,5.7995963,0.17738095,3.5354295,4.419824592276697
00487-erXNfWVjqZ8_0,-7.9109893,-2.5998747,-3.279441,2.096583833354664
00487-erXNfWVjqZ8_1,-8.114376,0.00012516975,1.4620745,0.9417425531486922
00487-erXNfWVjqZ8_2,-2.6303735,2.9641566,-1.1234251,0.9027706701420011
00488-F8PSGjTiv61_0,-4.1020007,0.08164795,1.7177655,0.560401885296239
00489-boJrpwDQtu9_0,0.8627293,-0.058629006,3.4651065,2.018897303404447
00489-boJrpwDQtu9_1,0.8627293,-0.058629006,3.4651065,1.9792066855661037
00489-boJrpwDQtu9_2,2.441671,3.1413713,4.0861053,5.457290795005898
00491-Ty7djLDxQu3_0,-2.4141462,-2.7148058,2.9369488,3.379237522691371
00491-Ty7djLDxQu3_1,6.4725447,0.08519411,5.998777,0.6684319322120578
00492-panm7DRsmDn_0,-5.5264597,-3.3072937,2.808244,0.22418125670803757
00492-panm7DRsmDn_1,-9.963216,0.0927062,-1.5469503,5.007608920922146
00494-5737gQA9p2T_0,5.8325205,0.104054034,0.030777425,2.9739978456358154
00494-5737gQA9p2T_1,4.96503,3.1985474,6.038005,0.22464256088861428
00496-eWKqgQbVZow_0,-4.8974895,0.0036409646,-3.1400561,3.55290741187239
00497-AeBfp3hTadB_0,0.060636193,-2.5762696,-0.19398221,3.0751584977250093
00497-AeBfp3hTadB_1,3.1083875,0.11138691,-0.8308826,4.28665439087835
00498-ij6Fizhrr6c_0,2.8497577,-0.57020545,-7.6680036,5.67329563156084
00498-ij6Fizhrr6c_1,0.36618608,2.4017606,-6.4994335,1.3575925916788596
00499-q6tn1ZjSsG4_0,2.0526228,0.1634022,0.14706677,4.746991514697668
00500-fKP4sxcoxpL_0,10.142071,-3.0029194,-2.2604473,1.3261617345655374
00500-fKP4sxcoxpL_1,4.684051,0.19708061,-2.2913845,2.7352358855053396
00501-N7YVmJQ8sAu_0,5.5140843,0.08235088,0.80795777,5.504972152045965
00502-nMeXfQU4PMS_0,-8.630725,0.136499,1.337889,5.168717211498922
00503-aqx6EomMgTf_1,0.8716058,2.9756367,1.3012333,3.0306750779695495
00504-frThKkhTwFT_0,-7.3770604,-0.081113935,-5.153746,5.195607212716932
00505-ZwnLFNzxASM_0,0.52678216,0.08454245,-2.025272,3.938999179609898
00506-QVAA6zecMHu_0,2.1552286,0.038921595,0.8528161,2.4444480480899946
00507-RfNGMBdVbAZ_0,-10.955671,0.19148791,4.2392898,1.4064460254927214
00508-4vwGX7U38Ux_0,-1.4309777,0.13024533,5.645841,5.076430860965864
00509-gDDiZeyaVc2_0,-15.307709,-3.0999296,6.0962763,3.6615744191503574
00509-gDDiZeyaVc2_1,-13.226372,0.10007048,-2.7390914,2.366355227389718
00510-JSgMy8tTACD_0,-0.5776316,0.053232938,1.5000098,3.903887655215951
00510-JSgMy8tTACD_1,-9.143604,3.0532331,1.8506883,3.992413292422523
00512-WZDzPCybQvS_0,-1.0222919,-2.7778466,-2.2949214,0.5235283378819012
00512-WZDzPCybQvS_1,-13.392294,-0.27752632,-5.3652925,2.5853720512665843
00512-WZDzPCybQvS_2,-1.884868,2.8221536,-0.15440276,4.174379711349957
00513-9oGV6Y9nNqB_0,8.688248,0.006913975,-0.39717022,1.258339730107371
00514-9DnDAhJ7qcj_0,0.9918797,-4.231728,2.0260992,2.4861870807220887
00514-9DnDAhJ7qcj_1,-2.3839545,0.09338554,14.096496,0.7986907907844221
00514-9DnDAhJ7qcj_2,-0.33229545,4.368272,3.7081165,5.4794306840010565
00515-krsjseyn6fd_0,-3.9194465,-3.2544243,-5.375203,4.412919443111971
00515-krsjseyn6fd_1,4.83943,0.05886364,-0.042880073,0.3072291797687
00515-krsjseyn6fd_2,-3.2938435,3.2588634,-3.2446868,2.6046884120543847
00516-ytXtEYghmvL_0,4.292538,0.14213634,7.4672003,5.438033739267696
00516-ytXtEYghmvL_1,3.928072,2.8136728,8.771896,5.378530827574868
00517-jG9pucmJVBZ_0,-6.2146664,0.1478478,-4.0089107,1.160935421215635
00518-o1F5JVHc6mb_0,7.147264,-2.5653286,-8.643952,3.5946331618204166
00518-o1F5JVHc6mb_1,12.929482,0.0073152483,-3.1099687,0.9534572010102467
00518-o1F5JVHc6mb_2,9.913666,3.2346716,-0.6016638,1.6678071094776976
00519-aNri5Gh1ZTE_1,-8.976949,0.029291153,-0.20953485,2.1656518596552163
00519-aNri5Gh1ZTE_2,-5.938896,2.829291,4.550273,5.556115770384327
00520-LpFSk2s7me6_0,-1.3393992,0.021990493,-6.9040804,2.3235812356857526
00521-1SedVoP7zLu_0,1.2112842,-1.9048681,-3.7447684,4.111792860219774
00521-1SedVoP7zLu_1,1.299525,0.695132,-4.5495114,3.595495123205746
00522-XYQdAu1qsK9_0,5.7439165,0.108840376,-1.7395651,0.20545409162991118
00523-PK83UqrXjd3_0,-0.026720285,0.21453029,-0.5434159,1.9169827552144518
00524-hbr5fTQhAAa_0,7.757489,0.13272703,3.4844494,0.13405804073843186
00525-iKFn6fzyRqs_0,5.070759,-3.0073385,2.1730905,1.8577778289639673
00525-iKFn6fzyRqs_1,0.71460736,0.19266152,2.1730318,0.7668098150103296
00526-PFLHHbjscNN_0,9.2068815,-2.8794425,0.6654127,3.8592054578024593
00526-PFLHHbjscNN_1,7.6463404,0.038453102,1.2292111,1.3892468899704606
00527-HPrcqBkKzuy_0,-7.3852677,-0.093223184,8.094802,0.7475014242199297
00529-W9YAR9qcuvN_0,2.0596595,-2.9520113,2.2251515,5.721228971060942
00532-4euAVjDbkz9_0,0.8794029,0.012816191,-0.6457052,2.7912953828618767
00533-wDDRygUCLMm_0,-10.280476,-0.053411484,5.6174755,6.0017653949612955
00534-DBBESbk4Y3k_0,0.499488,-2.510014,4.7952642,1.3453732634518858
00534-DBBESbk4Y3k_1,-6.581665,0.08998585,-2.6109896,5.9382209458841455
00534-DBBESbk4Y3k_2,-6.436369,2.8899858,-0.119645566,5.23200634758289
00535-XKqDR74W1JU_0,-3.5198812,-2.4846897,4.408519,0.8247131241818453
00535-XKqDR74W1JU_1,0.84182894,0.11531019,-0.663237,1.7825649689048908
00535-XKqDR74W1JU_2,-3.688521,2.71531,8.890069,3.0547582137295795
00536-QFjJExB2jgE_0,-1.5102693,0.13296199,4.1451197,1.536893015488299
00537-oahi4u45xMf_0,0.49436328,0.1161139,2.976918,1.3536446809271816
00538-3CBBjsNkhqW_0,-4.444982,-2.9073856,1.4953446,3.978052345874261
00538-3CBBjsNkhqW_1,-2.4246168,0.09261441,3.4471366,0.9482486632823152
00539-zUG6FL9TYeR_0,0.08068034,-0.482769,1.2689533,2.683089737874301
00539-zUG6FL9TYeR_1,4.590992,2.717231,2.4807768,2.94723536458011
00540-6nvpJEZ8ox5_0,2.1687813,0.17866278,3.448714,0.7588931315159244
00541-FnDDfrBZPhh_0,-0.15876833,-2.4521067,-2.6476834,2.5936016794455012
00541-FnDDfrBZPhh_1,-4.5547104,0.04619193,0.80581796,0.9061214824899088
00542-12e6joG2B2T_0,6.7367487,0.16759115,0.54752374,0.5911583407689676
00542-12e6joG2B2T_1,10.461715,3.3675911,-0.98443925,1.9413293370202993
00543-1k479icNeHW_0,-8.006014,0.17309299,2.5482764,4.082649162146319
00544-t85xiAt9pao_0,3.2239337,0.09793699,2.4879963,3.4839412774572467
00544-t85xiAt9pao_1,-9.861767,3.097937,1.91377,4.222860870628111
00545-C2hbxeJWmvX_0,-1.1081568,0.14921513,-2.852178,4.979434984318763
00546-nS8T59Aw3sf_0,6.9299345,-2.8445237,-3.0261416,4.590182052462187
00547-9h5JJxM6E5S_0,1.6651771,0.16103402,-0.23897514,4.563105725203736
00548-otTm4oTrHvc_0,0.079825416,0.12978184,2.932335,3.3096431430879987
00549-TQSiMZJawkS_0,-4.3695645,-2.4869971,4.501018,5.731014171376802
00549-TQSiMZJawkS_1,-1.6302648,0.11300278,9.362765,5.0432334991211665
00549-TQSiMZJawkS_2,-3.8974166,2.713003,1.2993426,2.457708512910504
00550-k3ohRuM6bso_0,0.5101199,0.023957133,-0.80717003,4.331872151939338
00551-zwzTbNq7xoW_0,-1.7253458,0.18161929,0.031790078,0.7953910187434806
00551-zwzTbNq7xoW_1,-5.260461,3.3816192,-6.34562,4.844550303209558
00552-eip6PNoeCPr_0,-0.22582266,-2.6113274,0.4318841,0.376116909122207
00552-eip6PNoeCPr_1,-7.578273,0.18867254,-6.14551,2.7192527415790066
00553-qAwGYe2GoZp_0,-4.071293,0.014410764,1.462624,3.4551437917079486
00553-qAwGYe2GoZp_1,-2.3483243,2.8144107,5.2513585,4.412175439503221
00554-rihBP3nC6p4_0,9.679838,-0.0031627864,9.431992,1.0267448385157636
00554-rihBP3nC6p4_1,2.5193582,2.8865693,9.353703,4.963695433428753
00555-Y4idBN66BqG_0,6.5861177,0.15188456,0.86891204,1.817735021456343
00556-saBtfCeVoJ4_0,-0.535819,0.10932422,4.790169,5.713350107518045
00557-fRZhp6vWGw7_0,5.9516263,-3.0916595,3.281551,4.266909419837805
00557-fRZhp6vWGw7_1,4.358091,0.1083405,5.0287704,0.5856219628536599
00560-gjhYih4upQ9_0,4.7982044,-2.3712597,-3.4784439,3.9607057769540988
00560-gjhYih4upQ9_1,3.541676,0.028740406,-1.9770663,0.7091901417189553
00561-VhissfC8ggN_0,-0.01712798,-2.4566004,0.38947228,2.8706115819309947
00561-VhissfC8ggN_1,10.70216,0.14339948,4.2913847,0.5867916508039049
00564-hXHUtviUKBu_0,3.0436263,-2.6274776,-2.4932961,4.627370501940466
00564-hXHUtviUKBu_1,4.651336,0.1725223,-2.3158767,1.3315495601107512
00565-xc2kFoo9nbw_0,2.1052935,0.16346228,4.7649283,4.02766772608964
00567-KjZrPggnHm8_0,6.973014,0.08355427,0.76072127,3.596654430706471
00568-suQdyWFG8g9_0,2.018455,-1.5478997,0.14454257,4.8570780630567825
00568-suQdyWFG8g9_1,7.492466,1.892575,2.3243027,5.570249417227903
00569-YJDUB7hWg9h_0,-8.091908,0.121125415,-3.9764988,2.2548275009379353
00570-kyoZhaD9HuW_0,0.60958546,-3.040969,2.535634,5.23857703013344
00571-w5YEujJKsiy_0,2.4579263,0.031000808,3.1915984,5.913538991780422
00572-dNASL765WSN_0,-1.1445316,0.04277821,-0.10359919,2.535275619410179
00573-1zDbEdygBeW_0,-5.229325,0.008964971,-4.224146,1.9571914727147366
00573-1zDbEdygBeW_1,-5.229325,0.008964971,-4.224146,0.7865111204190282
00574-bXu6SSWkJY8_0,-0.59686697,0.047123984,4.412117,0.2549787466869139
00574-bXu6SSWkJY8_1,-1.031326,2.847124,2.920826,5.609624072149863
00575-pMntW4YkvvB_0,-3.8617804,-2.5020719,2.9410539,4.902569419181091
00575-pMntW4YkvvB_1,0.5341774,0.09792805,5.5390525,1.2911643896467973
00576-adgwjGh4NQK_0,-1.5008872,0.1306119,1.6485223,5.2353450305553135
00577-kdFEfVoT1WE_0,4.5550003,-3.6235833,4.389063,1.0701631783905385
00577-kdFEfVoT1WE_1,5.469711,-0.660424,5.232073,5.618591750864734
00577-kdFEfVoT1WE_2,5.942591,2.6726406,7.4525433,2.6708865921253553
00578-dTzYwo8Hppu_0,-24.570482,0.14781392,-0.95231235,5.396300676855163
00579-9hJwm8k7Gka_0,-6.662595,-2.4780927,-5.1468062,2.4681625725389913
00579-9hJwm8k7Gka_1,-10.402785,-0.07809281,-3.334638,2.180927570852783
00579-9hJwm8k7Gka_2,-8.087067,2.9219074,-1.2704536,1.180510736395278
00581-WpVxtsP4xxA_0,6.9241056,-2.879969,5.08543,1.0499779753930178
00582-TYDavTf8oyy_0,0.5412523,-2.6879663,-7.4068117,5.971499242793681
00582-TYDavTf8oyy_1,0.029346228,0.112033606,-6.638954,4.439483583713428
00582-TYDavTf8oyy_2,1.334938,3.1120338,-0.10802692,6.162681503978576
00583-1wypxmRjuUR_0,7.6446457,0.041968584,-2.3279507,2.230936302080141
00584-ZxkSUELrWtQ_0,-3.9361265,-2.8192399,-0.7970729,3.931541872795337
00584-ZxkSUELrWtQ_1,-11.232685,-1.2907162,-6.2392077,3.882242834732057
00584-ZxkSUELrWtQ_2,-3.4988437,0.18076015,1.2772006,5.029536330951976
00585-CxxHb5C8ZsP_0,1.1015902,-2.666255,-0.1640605,0.3986365364594711
00585-CxxHb5C8ZsP_1,4.425918,0.13374496,-4.8258796,1.0718141310532987
00585-CxxHb5C8ZsP_2,5.455376,3.1337452,-2.0765142,3.7575116322424633
00586-qSom26FpYzR_0,-1.734514,0.1792121,7.9665623,0.0434343792308298
00587-JUANmB8jduD_0,-2.4220998,0.18228388,0.62565416,0.5674249895575963
00587-JUANmB8jduD_1,-6.3332443,2.7822838,-0.69644105,5.45634881427747
00588-YWy9hV7RfQB_0,6.9879007,0.12184787,1.7688524,3.516527048226675
00588-YWy9hV7RfQB_1,4.6634426,3.321848,4.653619,4.404865213060563
00589-NS5SeGunqiK_0,9.100175,0.013686851,-9.889484,5.076643856467329
00590-qgZhhx1MpTi_0,7.1845207,0.1378414,-0.69985884,5.302510358953778
00591-JptJPosx1Z6_0,-3.2742434,0.16929111,-6.4597893,4.7502955508178415
00592-CthA7sQNTPK_0,4.5342183,-2.9736328,0.8415315,3.640432191529425
00592-CthA7sQNTPK_2,4.642887,3.2263672,4.1505847,5.734325526824918
00594-1sPp3Wz8TCB_0,0.88238966,0.1691966,-1.757801,3.159690754119128
00595-TBdN234fGEb_0,-10.184364,0.15757275,3.155295,4.421057222356013
00597-D8aaq3PH6dG_0,-1.2047573,-2.587179,2.6484153,5.780161087175078
00597-D8aaq3PH6dG_1,7.6394987,0.81282115,3.5297565,2.6652155133221975
00599-TiWanpmC63V_0,4.7218556,-2.377885,3.6178703,0.782491378746424
00599-TiWanpmC63V_1,1.2785492,0.022114992,5.6763477,0.23269621517383174
00600-ENhuWpDE5EB_0,4.5671854,-3.0696304,-0.20332034,3.87640633034614
00600-ENhuWpDE5EB_1,3.3452938,0.13036966,1.0789949,2.149459013594305
00600-ENhuWpDE5EB_2,3.5435562,3.3303697,2.2759717,0.5412677901170573
00602-XRHpoTZjtj7_0,3.4941857,-2.267674,-5.751028,2.259436901861732
00602-XRHpoTZjtj7_1,0.42629477,0.13232613,-4.9191647,4.9451028897565195
00603-Xfhi9GYbhqD_0,3.9248266,0.13112298,0.9869678,3.424183256075865
00604-W4r5JssudHR_0,-0.9828119,0.12062092,2.8797088,0.7142560341844068
00605-T22dejNjHK7_0,9.657797,0.10135269,-0.17488405,1.8952150738898936
00606-W16Bm4ysK8v_0,-7.1700473,-0.3355764,2.0272684,4.055562177907291
00606-W16Bm4ysK8v_1,2.8254611,-0.13557637,2.3377094,2.643673684995999
00606-W16Bm4ysK8v_2,0.09472725,2.8644238,1.5491891,1.4070186714816078
00607-JXdzHne1mRo_0,8.4102955,0.068905115,-3.0182247,1.2628465017475798
00607-JXdzHne1mRo_1,7.4920883,3.068905,-3.042523,1.446213199576137
00608-j2Nms3h9XJv_0,3.7348158,-2.6436477,-1.2636842,0.5701878766101621
00609-x1pTUWx9DPr_0,-5.215905,0.036839202,-1.723398,4.689510273372319
00610-1EiJpeRNEs1_0,-0.47925863,-2.840546,0.14320196,3.4621168016342367
00610-1EiJpeRNEs1_1,2.1521316,0.1594541,4.986512,3.021966398413956
00611-PXAfUkZGMdU_0,0.76438016,-3.1239748,0.049347043,4.779211242540658
00611-PXAfUkZGMdU_1,-5.856685,0.07602525,-2.6522183,4.203034405860433
00613-s19Uyn7AWwv_0,0.41582683,0.16956258,1.3863938,3.796586399558492
00614-ki6Cu76pWzF_0,9.76436,0.04721327,-5.1624293,0.9804631566460077
00614-ki6Cu76pWzF_1,2.9691887,3.0472133,-2.9481184,2.8014196797661413
00615-PUNuHY5M7MS_0,-9.445553,-0.024365947,2.4661574,5.665391762396369
00615-PUNuHY5M7MS_1,-9.445553,-0.024365947,2.4661574,3.9268054438856956
00616-zhzot8MvSjF_0,-7.1850805,0.06635301,2.0476205,5.843940125219976
00616-zhzot8MvSjF_1,-1.8198841,2.866353,-0.45378315,2.874896093152584
00617-AENiMBDjVFb_0,9.9697075,0.014106944,-4.4145193,6.094140091235745
00617-AENiMBDjVFb_1,6.3137236,3.214107,-2.6597195,0.5427079504716628
00618-T4G9hTR5WSv_0,-4.00904,0.03262402,7.6474547,0.7237113990879487
00618-T4G9hTR5WSv_1,0.3286627,2.832624,4.9646816,2.32170435813178
00621-SAZ4gvMfxm1_0,0.40724012,0.17918837,0.6419184,3.4785749614884245
00622-bxwHR9ipFG8_0,9.084525,0.11108905,1.7981769,1.4091260609125664
00623-g7sKCMRfgUS_0,-1.6222106,0.021759704,4.194251,4.170512016302155
00624-ooq3SnvC79d_0,-6.1365767,0.20374918,5.5014853,5.552875493494553
00625-VWczCD1Hbus_0,2.3241496,-2.522771,-1.0299565,6.078335441238884
00625-VWczCD1Hbus_1,-3.1618469,0.07722902,-2.7184722,4.170175204633375
00627-b2e31HFFizw_0,4.2643056,-2.5824132,0.8272048,1.0256819959380983
00627-b2e31HFFizw_1,0.86751175,0.017586946,2.3969774,5.744184256487767
00627-b2e31HFFizw_2,8.879821,3.217587,2.2447443,4.532764339308661
00629-MHYu4LWb6qP_0,1.0126401,-2.657483,1.1992649,2.8014215070434663
00631-v3tsKAPVLJS_0,3.8167186,-2.0493417,0.30970693,2.0097398136566076
00631-v3tsKAPVLJS_1,-1.614826,0.5506582,4.083363,2.329665341563598
00632-kXAEFtUBNFZ_0,-0.6081275,0.1826356,6.0909986,1.392624076021941
00633-dDyovSFuViJ_0,10.885063,-0.059660517,-2.4324787,3.3851761167094794
00634-A1jHexSJuAW_0,0.47497055,-2.782663,-0.5362965,4.496809556706356
00634-A1jHexSJuAW_2,2.836258,3.0173368,1.3902746,5.751157957597197
00635-drvaU627cQh_0,-0.06687464,-2.503094,0.86339074,2.5058290493961906
00635-drvaU627cQh_2,-2.652711,2.696906,1.7918541,2.8346408469751094
00636-FXuXGH9YQTW_0,-1.5815411,-0.9185837,6.124153,0.45575187523065575
00636-FXuXGH9YQTW_1,-0.083863035,2.0814164,8.238411,5.843945889924672
00637-iNpfPhK1sRz_0,-1.7884467,-2.244396,0.16377401,0.9342166709311188
00637-iNpfPhK1sRz_1,0.9789168,0.15560412,-2.0246816,2.5600633090632354
00637-iNpfPhK1sRz_2,-3.8668332,3.155604,-4.3064466,2.309308993648463
00639-AwL2QGztLwV_0,-0.47104442,-0.2377489,-0.8389714,1.2969326867754616
00640-qvNra81N8BU_0,0.5885856,-3.0666358,3.7714787,1.6471808471817109
00640-qvNra81N8BU_1,-4.220401,0.031439304,-1.8551059,3.351409263999109
00642-erfqyP5V4u6_0,0.5632092,-3.1541631,-5.414133,2.685581639544694
00642-erfqyP5V4u6_1,2.7616067,0.045836926,-6.0969334,3.333256070946718
00643-ggNAcMh8JPT_0,-2.2560687,-2.4825215,0.022210836,1.3976058485322567
00643-ggNAcMh8JPT_1,-2.537779,0.11747837,-1.2951653,4.960222454571974
00644-njMGKG4iwRK_0,2.7768836,0.16284944,-1.8242298,4.1256339957743124
00644-njMGKG4iwRK_1,8.69853,3.3988173,-2.6607463,1.795845512591962
00645-rrjjmoZhZCo_0,-1.8365581,-2.611577,1.9957516,3.414156371656837
00645-rrjjmoZhZCo_1,-1.3183212,0.18842292,5.15494,0.6885691213826505
00645-rrjjmoZhZCo_2,-8.9768305,3.1884232,2.2292876,1.58016914720571
00646-UfhK7KNBg5u_0,2.1203234,0.03829117,0.0931589,3.6318818290925132
00647-qpcpnP8TosR_0,-4.4763765,-0.03272593,3.3645482,2.492613187181687
00647-qpcpnP8TosR_1,3.3341377,0.32392776,1.5331504,4.322016014903396
00649-RiwBKy2YdQ7_0,-3.426069,-2.2736046,9.551243,4.762766325313905
00649-RiwBKy2YdQ7_1,-4.0193863,0.9263954,9.56391,1.5423821417374248
00650-AqGu9nUng3L_0,5.491666,0.08107078,5.0807877,2.3685010552962216
00652-BcZUZQ9t4Fe_0,-5.569403,0.18099505,6.319746,5.917253079792479
00653-4RuxhXRmb3V_0,-6.9995174,0.009780079,-2.3248854,2.5973738485965754
00655-q33GehreMrX_0,0.22906789,0.013563991,-3.812051,5.475597964462762
00655-q33GehreMrX_1,-7.409529,3.013564,-0.64340913,3.044818270476656
00656-7GvCP12M9fi_0,15.808716,-0.8063271,3.4532232,4.552125642739856
00657-TSJmdttd2GV_0,5.5946355,0.10629654,-1.4280139,1.3187181419015557
00658-a3JCmxobR99_0,1.0142596,0.07181199,2.1948485,4.41438873540386
00659-ZVPMj4YoZtK_0,-0.13073418,0.18027917,8.452145,1.3710269155829031
00660-Pmv1pdeirDT_0,10.139901,0.05781647,4.8794875,1.550341923202749
00661-SSwbmq72C21_0,3.75831,-2.944145,-2.4821272,1.2794866812320906
00661-SSwbmq72C21_1,6.417152,0.055855036,-3.574155,3.0174636977255904
00661-SSwbmq72C21_2,4.1156154,3.2558548,-2.6687613,0.488603649272729
00663-1Rg1SS1dRpG_0,-1.4396627,-3.120273,-4.7955327,0.9073352818627006
00663-1Rg1SS1dRpG_1,-3.6463535,0.079726934,4.0427,1.6897308321208995
00663-1Rg1SS1dRpG_2,-0.4497753,3.279727,0.26601118,5.395220111404733
00666-GNGYKt8XrjF_0,3.1277425,0.06246224,3.2806866,6.169575289778063
00667-5K2dTSVihN7_0,-3.8723354,-3.102067,2.1109443,4.426929003490041
00667-5K2dTSVihN7_1,0.23524162,0.38850856,1.0623735,3.1638578935304915
00669-DNWbUAJYsPy_0,5.0121737,0.0726327,1.3692952,5.889308246631434
00670-mDdyQ6azhVD_0,3.7533522,0.19935194,1.9889333,2.408013091543254
00671-knPYW3fibqY_0,1.9229326,0.18741956,-0.6297304,5.098966210812537
00672-4L4peQsMgfR_0,-2.608964,-2.6335099,1.6090298,2.4706579295149846
00673-WpAGGyZFqQj_0,0.6103878,-0.1120357,-1.4329648,1.8553545515070349
00673-WpAGGyZFqQj_1,4.0833044,3.301503,-9.18413,3.2551884359842096
00674-y3dZtLZCUvN_0,-9.020519,-2.4151158,1.858666,4.6104191377157395
00674-y3dZtLZCUvN_1,-1.8263209,-0.015115738,2.218122,0.3311026938633468
00676-J5SkB2o1ckv_0,-0.4553033,0.12710705,-0.30777657,0.8523395575160726
00677-CnU5RD6PB3E_1,-2.7948074,0.09633815,-1.0993679,0.8884689505225379
00678-aCtdWA5n56Z_0,6.8487787,0.092818454,-2.571685,3.3044246774180546
00679-wFCLkVy4n9U_0,14.121531,0.043365195,4.3061633,1.7120382940991619
00680-YmWinf3mhb5_0,4.428085,0.09659555,-2.755239,2.7750982028059266
00681-QE33dvXyf1U_0,-7.2623625,0.11802712,-2.869398,4.855617406321653
00682-6r9GfBG7u1g_0,-0.26469713,-3.1139612,-4.730528,1.9762643134522913
00682-6r9GfBG7u1g_1,-6.748801,0.08292669,-4.310968,3.3702088974415076
00684-D5dEbkUphhr_0,0.76527494,0.09503503,4.195112,5.621701611238204
00685-ENiCjXWB6aQ_0,0.20982988,0.1888131,14.142914,0.10667633502001443
00685-ENiCjXWB6aQ_1,-0.07947977,3.788813,10.867033,2.590422144557852
00686-LU4A39yR8gc_0,3.160369,0.10140912,1.8604798,2.447845204411391
00686-LU4A39yR8gc_1,-2.7227867,3.2369485,1.4824718,4.081724029606878
00687-tj8ngv3woJ3_0,0.6417208,0.18381298,-4.554878,0.7448440894526863
00687-tj8ngv3woJ3_1,0.6417208,0.18381298,-4.554878,0.6678568928255526
00688-SgkmkWjjmDJ_0,7.1638517,-2.5566664,0.274624,5.276101139182719
00688-SgkmkWjjmDJ_1,10.08111,0.04333353,-2.2148056,3.633178822159719
00689-d88Sc1udFcZ_0,11.16604,0.09317805,6.798314,6.0501891102612255
00690-p6RF8AUer2e_0,4.992996,0.15906498,-0.31296587,2.269396099936744
00691-MyxM6trMBUH_0,5.3825426,0.06450415,4.0072126,1.4897778754421278
00691-MyxM6trMBUH_1,2.7224784,2.864504,-7.7105618,2.967451236224275
00692-APXAdV48nKT_0,6.5611696,0.15009806,-2.7099023,4.441833023972346
00694-Lva3QmSMsTr_0,6.8341002,0.017376617,-2.9548028,5.740524319782896
00695-BJovXQkqbC3_0,4.347288,-2.521764,0.12862863,1.6382414565798324
00695-BJovXQkqbC3_1,-4.5272837,0.078235865,-2.7203813,2.7439796075130696
00696-DsEJeNPcZtE_0,-2.4142895,0.2040599,-6.1948566,2.6801427936527116
00696-DsEJeNPcZtE_1,-2.8035996,0.07121191,-5.014968,0.5589018181829702
00697-5vUupbRRdyH_1,5.5982485,0.17100859,-3.3334606,2.1899386245231973
00697-5vUupbRRdyH_2,3.7869453,2.7710085,-1.6032777,5.508414187118177
00698-SrHVAbHUpUX_0,-0.55268,-2.5862746,1.1971514,1.980309940272229
00698-SrHVAbHUpUX_1,-3.4922757,0.013725281,1.1894776,3.4849694737005987
00698-SrHVAbHUpUX_2,-12.366575,3.2137256,3.6820123,5.725466541195482
00700-aosjAwX5Lnq_0,-9.154276,0.04966083,3.9440138,2.2302808405829504
00701-tpxKD3awofe_1,-0.7354666,0.42013913,-3.085219,1.4509402329954382
00702-wCqnXzoru3X_0,10.238545,0.07149115,3.955813,3.4986944872839043
00702-wCqnXzoru3X_1,7.862788,3.2714913,0.5815445,2.95748951410086
00703-xvDx98avcwd_0,6.455966,0.06151104,-5.5483885,1.3100762582388545
00703-xvDx98avcwd_1,6.0943894,3.2615108,-1.5883565,5.747171644260237
00705-2XVvKEDd54w_0,2.450611,-2.819469,4.3452864,1.7931049729794162
00705-2XVvKEDd54w_1,4.6308556,0.18053102,1.6047788,1.2411913502681937
00705-2XVvKEDd54w_2,-5.4509544,3.1805313,2.4588184,0.7593120101666171
00706-YHmAkqgwe2p_0,-5.4330397,0.079488635,-0.5834061,0.2012661698751236
00707-XVSZJAtHKdi_0,7.746395,0.13558331,-3.814815,5.25104900991603
00708-eUJx9a4u63E_1,-1.6421071,0.13300014,3.7933605,3.959765404445409
00709-8LLjiNrWzJ9_0,-12.906522,0.028971665,-5.3589706,5.9489309236973655
00710-DGXRxHddGAW_0,-0.2916271,-1.2127911,0.2480286,2.4110702232807983
00711-tTcuEfoAQXv_0,6.090456,-2.441447,-3.438558,2.7473115128706667
00711-tTcuEfoAQXv_1,1.6732616,0.15855289,-0.51784986,3.817270525203726
00711-tTcuEfoAQXv_2,-0.10771096,3.1260505,-2.4386356,3.5574180952836354
00712-HZ2iMMBsBQ9_0,3.1459658,0.19644482,-0.8911834,0.7009911559160902
00713-kxWk8ZMDE1N_0,-2.7061913,0.110927776,3.8942237,3.1605753713001934
00715-kjUg7BaQF1C_0,1.0463346,0.009022906,-4.075233,6.248880644141529
00716-VaEwVD182FS_0,-0.027843632,0.045112133,-2.718348,1.2264974547869854
00717-wtaQdtXzYtD_0,-3.7429316,-2.607298,0.8192458,0.7764869485868999
00717-wtaQdtXzYtD_1,-3.773304,0.19270205,-0.9945516,2.2509162122409614
00717-wtaQdtXzYtD_2,-1.9350071,2.792702,-4.6790895,0.9808061426232721
00718-ASKXmHbw68X_0,-1.2138724,-2.665976,0.6040246,1.474909501308472
00720-8B43pG641ff_0,-1.083091,0.05302763,0.36279058,1.8771186996316567
00721-YGc1h9nNrJP_0,-0.10121678,0.18119755,7.271291,0.6729897474985823
00721-YGc1h9nNrJP_1,-0.62667906,0.18119755,2.3048644,2.7173702981981585
00722-EU6QPFpqdoU_0,-1.7940618,0.09931201,-5.079294,3.5419822429959305
00723-hWDDQnSDMXb_0,1.3612009,-2.1585479,0.2984225,3.6157936927492758
00723-hWDDQnSDMXb_1,-8.274208,0.04145217,9.046461,2.3057463738367616
00724-H77MhktmmAF_0,4.2751594,0.100485235,0.98303545,0.5026235551736793
00724-H77MhktmmAF_1,5.314085,3.3004854,3.4367943,2.6724822588726007
00725-5uXtMs57HmZ_0,0.18490815,-2.7369509,-0.8561135,4.1554697368080955
00725-5uXtMs57HmZ_1,-6.1687174,0.06304908,-3.6638014,1.021634337136346
00726-sNikFfBW8zM_0,4.172083,-1.0782697,4.477558,5.333813844688313
00726-sNikFfBW8zM_1,-7.146203,0.1360656,2.8292665,5.80964896426442
00726-sNikFfBW8zM_2,6.442513,1.7360656,0.50701314,2.8169253238586163
00727-WEDXu8bWRkq_0,-9.245411,-2.9250202,-1.6880451,2.5206431832520355
00727-WEDXu8bWRkq_1,-4.249898,0.07498002,1.3733734,2.84476542410279
00728-rWHyWNc6ZbZ_0,-6.950392,-2.5064,0.6982299,4.175113036926485
00728-rWHyWNc6ZbZ_1,0.12671337,0.15243101,2.4646938,1.507304118601909
00728-rWHyWNc6ZbZ_2,-2.4404008,2.7524312,-5.2071576,2.4191426247392767
00730-UYrgg12a7QN_0,-2.6133528,0.09486389,0.7374722,6.169299447374755
00730-UYrgg12a7QN_1,3.1332436,3.0948641,5.640339,1.7191008645429584
00732-Z2DQddYp1fn_0,-0.18172179,-2.8477356,-3.466795,0.3834904800831605
00732-Z2DQddYp1fn_1,0.34331098,0.15226436,0.39156651,3.926700773606863
00733-GtM3JtRvvvR_0,7.6628222,0.118062645,1.8665988,0.926197531805576
00734-4dtmWCb8CDk_0,-0.11586731,0.033992887,-2.3464167,4.106573938815189
00736-h5VYFcePkbn_0,1.5523472,0.026736215,1.117781,5.267289979351734
00736-h5VYFcePkbn_1,-9.510478,2.8267362,-4.3561482,5.338338410235468
00737-ZhXWtW1gd6c_0,-9.266432,0.063146785,-1.1694682,1.5484261352244864
00738-GPyDUnjwZQy_0,-5.398575,-2.5526624,-0.5469506,3.6245425612571744
00739-MfkErJj6CHF_0,4.0244064,-2.884669,-4.0775595,3.008138795036658
00740-cFqWyQ4Y9hT_0,-3.1706545,0.03703113,1.8051304,3.0369729692227407
00741-w8GiikYuFRk_0,-9.021949,0.11857846,-7.4766994,3.276733764883603
00742-aYhkzj2fEhP_0,-6.552467,-2.521685,-0.8191519,4.133711725093006
00742-aYhkzj2fEhP_1,1.1075075,0.07831502,-0.35195318,2.596044789003208
00742-aYhkzj2fEhP_2,2.6492443,3.0783153,0.10952498,1.3489800691616598
00743-31DHHWieDMS_0,18.076359,-0.104214475,6.3373475,4.684804202753544
00743-31DHHWieDMS_1,15.728134,2.8957856,0.472653,4.531565127864849
00744-1S7LAXRdDqK_0,-9.004845,-2.491032,-1.1440428,0.07038861098422008
00744-1S7LAXRdDqK_1,-9.494832,0.19159937,-4.7618246,3.7274651210736165
00745-yX5efd48dLf_0,6.05119,0.16936544,-3.962401,3.8341315518545187
00747-ZKqtodH1qpa_0,-0.032885045,-1.5399055,-6.060301,1.192633763505444
00747-ZKqtodH1qpa_1,-9.019917,1.6600945,-5.7825584,5.350732100571849
00748-8QtyGUUtacf_0,-5.677646,-1.9796058,-0.013651967,0.9622030153658521
00748-8QtyGUUtacf_1,-8.549204,0.8203943,-2.6229517,3.9721356878828935
00750-E1NrAhMoqvB_0,0.25272745,0.062178254,0.69083923,2.411476235883918
00751-DZsJKHoqEYg_0,0.5120184,0.19337542,0.2665887,3.878662309890125
00753-hTTnuAeSN6d_0,0.7083796,-0.039665982,-4.6464396,2.476456825487269
00754-EqZacbtdApE_0,1.7932796,-2.488179,-0.45150033,5.033597673683032
00754-EqZacbtdApE_1,0.28098384,0.111820936,-4.805708,5.795412344166599
00755-UAGeBzZJgkU_0,2.4210188,-0.30226308,7.548644,5.750251803475041
00755-UAGeBzZJgkU_1,-1.1053383,0.097736955,4.7453427,1.9129468474412117
00756-1K7P6ZQS4VM_0,-1.9776119,0.18942967,5.259063,4.663684871245075
00756-1K7P6ZQS4VM_1,1.5500026,2.7894297,5.449905,5.1527286604600295
00757-LVgQNuK8vtv_0,-4.1702404,-0.00634408,0.29031044,5.740020292505401
00757-LVgQNuK8vtv_1,-4.1702404,-0.00634408,0.29031044,5.6705288141766745
00757-LVgQNuK8vtv_2,-1.9916503,2.793656,1.7597864,5.867630726363592
00758-HfMobPm86Xn_0,-17.697428,0.34596407,-8.369816,0.18322573796252278
00759-8iCxzGNmp4g_0,5.978361,0.20738801,-1.0931728,0.18570613484155227
00766-XxbS57Z6PDU_1,-5.6141906,0.19020534,5.6765156,0.704862190665909
00769-F1Vhvu3osn6_0,4.2595673,0.08821006,-1.0000285,0.4874860233746439
00769-F1Vhvu3osn6_1,4.9999576,3.08821,-0.5549755,0.8971520012359006
00771-8oSQng53cGV_0,-4.203369,0.09208496,3.524486,1.656329954706812
00771-8oSQng53cGV_1,-10.341946,2.892085,2.2244794,4.174365229245255
