{
    "question": "Where is the bedside table with the lamp on it?",
    "answer": "The bedside table is in the living room, positioned between the brown sofa and the brown armchair, with a lamp and some decorative items on top.",
    "scene": "00217-qz3829g1Lzf",
    "init_pts": [
        -4.393833160400391,
        0.033981382846832275,
        3.1735188961029053
    ],
    "init_angle": -1.613072717182191,
    "target_obj_id": 556,
    "target_obj_class": "bedside table",
    "episode_length": 12
}