{
    "question": "What is the pattern on the bedspread of the bed that is in the room at the end of the hallway?",
    "answer": "The bedspread has a geometric pattern with various shapes and colors, including blue, beige, and orange.",
    "scene": "00017-oEPjPNSPmzL",
    "init_pts": [
        1.0525438785552979,
        0.014520451426506042,
        -0.8975098729133606
    ],
    "init_angle": 2.197853414597512,
    "target_obj_id": 225,
    "target_obj_class": "bed",
    "episode_length": 12
}