{
    "question": "Where is the footrest that matches the wooden chair with the blanket draped over it?",
    "answer": "The footrest is in the room with large glass sliding doors, positioned directly in front of the wooden chair with the blanket draped over it, near the deck outside.",
    "scene": "00210-j2EJhFEQGCL",
    "init_pts": [
        -13.944473266601562,
        0.12694469094276428,
        -3.2810280323028564
    ],
    "init_angle": 0.29736648424844275,
    "target_obj_id": 429,
    "target_obj_class": "footrest",
    "episode_length": 38
}