{
    "question": "Where is the kitchen top with the bar stools?",
    "answer": "The kitchen top with the bar stools is located in the open-plan area, adjacent to the living room and near the dining table. It is positioned next to the refrigerator and the white cabinets.",
    "scene": "00031-Wo6kuutE9i7",
    "init_pts": [
        -3.126951217651367,
        0.17635944485664368,
        1.8140705823898315
    ],
    "init_angle": -1.505077459319927,
    "target_obj_id": 163,
    "target_obj_class": "kitchen top",
    "episode_length": 16
}