{
    "question": "Where is the small stand with the decorative tree on top?",
    "answer": "The small stand with the decorative tree on top is in the hallway, next to the wall with a framed picture of a horse, near the entrance to the storage room.",
    "scene": "00272-kA2nG18hCAr",
    "init_pts": [
        -1.7951090335845947,
        -2.7670586109161377,
        4.55645227432251
    ],
    "init_angle": 0.008859902922091227,
    "target_obj_id": 877,
    "target_obj_class": "stand",
    "episode_length": 9
}